Student_ID,Midterm_Score,Final_Score,Assignments_Avg,Quizzes_Avg,Participation_Score,Projects_Score,Total_Score,Grade,Study_Hours_per_Week,Extracurricular_Activities,Internet_Access,Parent_Education,Family_Income,Stress_Level,Sleep_Hours,Attendance_Percentage,Teacher_Quality,Learning_Style,Motivation_Level
1,92.2,98.7,92.7,86.8,89.0,84.7,90.7,A,20.0,No,No,None,Low,Medium,6.1,98.9,Good,Reading/Writing,High
2,69.7,65.8,70.3,60.8,62.3,65.1,65.7,D,7.8,No,Yes,Master's,Low,High,5.4,77.7,Good,Auditory,High
3,100,93.0,94.8,94.6,97.0,98.3,96.3,A,25.5,Yes,Yes,PhD,High,High,5.2,83.4,Average,Visual,High
4,57.2,62.9,54.4,46.4,46.0,56.4,53.9,F,10.8,No,Yes,High School,High,High,7.9,75.1,Poor,Kinesthetic,High
5,53.4,63.4,67.3,68.0,62.0,59.0,62.2,D,4.3,Yes,Yes,Bachelor's,High,High,7.6,78.7,Poor,Kinesthetic,Medium
6,69.6,60.5,75.2,74.4,68.1,57.4,67.5,D,12.6,Yes,Yes,Bachelor's,Medium,High,7.2,75.7,Poor,Reading/Writing,Medium
7,52.6,59.9,53.9,58.9,55.9,66.3,57.9,F,7.3,No,No,High School,Medium,Medium,6.2,85.6,Excellent,Kinesthetic,Medium
8,67.3,73.3,65.4,69.4,74.1,79.0,71.4,C,9.2,Yes,Yes,None,Low,High,5.5,75.5,Good,Kinesthetic,Medium
9,79.8,77.5,82.4,75.5,78.1,88.2,80.3,B,19.2,No,Yes,None,Medium,High,6.4,89.1,Excellent,Visual,Medium
10,72.8,74.5,73.0,65.9,68.1,77.8,72.0,C,8.4,Yes,No,None,High,Medium,5.6,95.4,Good,Auditory,High
11,72.5,66.1,71.6,76.0,66.6,69.5,70.4,C,19.0,Yes,No,High School,High,High,4.1,70.2,Excellent,Visual,High
12,90.7,84.0,85.6,72.9,81.7,83.2,83.0,B,15.3,Yes,Yes,High School,Low,High,4.1,81.5,Excellent,Visual,Medium
13,100,92.1,96.4,100,97.5,96.7,97.1,A,27.8,No,No,Master's,Medium,Medium,5.9,96.5,Poor,Reading/Writing,Low
14,73.9,78.0,87.9,77.4,71.8,81.6,78.4,C,19.9,No,Yes,None,Low,Low,5.0,71.1,Poor,Reading/Writing,Medium
15,66.0,73.5,79.7,68.5,71.8,68.5,71.3,C,22.5,No,No,High School,Medium,Low,8.7,60.3,Poor,Reading/Writing,Low
16,82.0,82.5,89.5,86.3,80.4,77.6,83.1,B,16.7,No,No,Master's,High,Low,6.7,82.5,Poor,Auditory,Medium
17,83.4,83.9,90.5,92.2,83.9,94.9,88.1,B,16.7,No,No,Bachelor's,High,High,8.5,97.2,Average,Kinesthetic,Low
18,81.3,68.6,65.9,76.6,77.0,70.7,73.3,C,11.5,Yes,No,High School,Medium,Medium,8.5,86.1,Poor,Reading/Writing,High
19,89.7,93.4,81.8,85.1,84.5,83.2,86.3,B,23.2,Yes,No,High School,High,High,7.8,75.2,Good,Auditory,Low
20,88.0,87.4,81.5,92.7,91.8,82.6,87.3,B,22.8,Yes,Yes,PhD,High,Medium,8.1,60.4,Average,Visual,Low
21,100,100,100,100,100,97.0,99.5,A,23.4,Yes,Yes,Master's,Low,Low,8.2,81.8,Good,Auditory,Medium
22,79.4,66.7,75.9,78.2,74.8,68.6,73.9,C,10.9,No,No,Bachelor's,High,High,8.7,98.5,Poor,Kinesthetic,High
23,64.9,67.1,57.2,74.2,60.9,72.0,66.0,D,10.4,Yes,Yes,Master's,High,High,8.0,92.7,Average,Auditory,Low
24,61.5,67.1,64.7,71.0,66.5,56.6,64.6,D,12.2,No,No,High School,Low,Low,5.2,78.8,Average,Kinesthetic,Low
25,70.7,74.2,74.6,68.3,60.4,73.0,70.2,C,10.5,Yes,Yes,None,Medium,High,4.4,87.2,Good,Reading/Writing,Low
26,78.9,76.8,85.8,87.9,85.2,72.8,81.2,B,23.9,No,No,PhD,High,High,8.8,73.8,Good,Visual,Medium
27,64.2,64.7,65.7,52.5,58.8,55.1,60.2,D,11.8,No,Yes,Master's,Medium,Medium,6.9,68.6,Good,Visual,Low
28,84.2,98.6,89.2,85.0,96.1,83.3,89.4,B,22.4,No,No,None,Medium,High,8.8,73.3,Average,Kinesthetic,Low
29,78.6,74.6,86.3,84.7,76.7,86.2,81.2,B,21.0,Yes,No,None,Low,High,8.8,85.6,Poor,Visual,Low
30,100,93.0,100,93.2,89.5,93.5,94.9,A,22.6,Yes,Yes,PhD,Medium,High,7.6,88.2,Average,Auditory,High
31,97.1,93.9,100,98.4,97.5,94.5,96.9,A,21.1,No,Yes,None,Low,Medium,7.4,99.2,Average,Auditory,Low
32,79.1,79.9,68.3,81.1,82.2,74.5,77.5,C,13.3,No,Yes,None,Medium,Medium,7.0,71.9,Good,Reading/Writing,High
33,94.6,87.6,92.2,83.3,95.5,84.5,89.6,B,16.5,No,No,PhD,High,Medium,8.9,96.7,Excellent,Visual,Low
34,90.0,95.1,85.7,100,93.5,95.4,93.3,A,27.4,No,No,PhD,Medium,High,6.3,75.8,Good,Reading/Writing,Low
35,70.5,73.9,73.8,79.0,69.7,75.8,73.8,C,8.7,Yes,No,High School,Low,Medium,5.3,98.1,Excellent,Reading/Writing,High
36,82.9,75.3,70.4,71.7,80.1,69.1,74.9,C,16.3,Yes,Yes,Bachelor's,High,Medium,6.1,96.2,Average,Auditory,Low
37,84.4,89.5,82.6,85.8,80.2,77.5,83.3,B,14.3,Yes,Yes,Master's,Low,Low,7.6,87.6,Excellent,Auditory,Medium
38,88.0,77.7,79.1,75.7,78.0,72.3,78.5,C,26.4,No,Yes,Master's,Low,High,7.1,69.4,Excellent,Visual,Medium
39,56.6,49.8,60.6,53.0,60.2,48.3,54.8,F,14.7,Yes,No,Master's,Low,Medium,8.5,63.3,Excellent,Reading/Writing,Low
40,89.3,82.3,84.5,77.5,82.2,76.3,82.0,B,12.4,Yes,No,PhD,High,Low,6.5,97.1,Good,Visual,High
41,85.7,72.8,88.5,80.5,73.9,84.7,81.0,B,13.1,Yes,Yes,None,Medium,High,4.8,89.7,Excellent,Kinesthetic,Low
42,99.7,98.9,85.2,89.7,92.5,90.1,92.7,A,24.2,Yes,Yes,Master's,Medium,Medium,5.8,74.2,Good,Reading/Writing,High
43,83.5,88.9,95.4,86.3,83.4,77.0,85.8,B,27.7,Yes,No,PhD,Low,Medium,6.7,72.1,Good,Reading/Writing,Low
44,78.7,75.2,72.5,79.9,84.9,86.9,79.7,C,15.4,Yes,Yes,Bachelor's,High,High,8.6,92.3,Excellent,Auditory,Low
45,100,99.6,90.6,100,100,100,98.4,A,19.5,Yes,Yes,PhD,Low,Low,7.8,95.5,Average,Auditory,Low
46,87.9,93.1,85.8,83.6,82.6,92.2,87.5,B,25.4,Yes,Yes,PhD,High,Medium,5.7,67.2,Excellent,Reading/Writing,Medium
47,60.9,67.4,60.6,62.8,60.9,50.5,60.5,D,12.8,No,Yes,PhD,Medium,High,8.9,60.8,Good,Reading/Writing,Medium
48,67.9,63.5,61.0,63.8,67.3,67.5,65.2,D,8.2,Yes,No,Master's,Medium,High,7.1,77.3,Good,Auditory,Low
49,97.9,90.6,100,100,100,96.1,97.4,A,16.8,No,No,PhD,High,Low,4.8,98.1,Excellent,Auditory,Medium
50,90.3,98.1,92.8,97.3,87.3,88.3,92.4,A,20.6,Yes,Yes,None,Low,Low,6.6,81.0,Poor,Auditory,High
51,80.5,82.8,71.6,78.0,76.1,88.5,79.6,C,26.6,Yes,Yes,Bachelor's,Low,Medium,7.6,73.0,Poor,Kinesthetic,Low
52,80.7,80.2,78.4,93.2,81.4,84.1,83.0,B,18.6,No,Yes,PhD,Low,High,4.2,92.5,Poor,Visual,Medium
53,38.3,51.2,45.4,51.6,39.9,49.6,46.0,F,5.4,Yes,No,None,High,Medium,6.9,62.2,Good,Kinesthetic,Medium
54,90.8,89.2,97.2,95.6,93.4,96.2,93.7,A,20.5,No,No,High School,High,High,8.3,94.4,Poor,Reading/Writing,Low
55,51.5,54.6,58.4,51.0,57.6,60.2,55.6,F,1.3,No,Yes,Master's,High,High,7.2,87.1,Good,Reading/Writing,Low
56,77.1,76.0,88.5,82.2,74.1,87.1,80.8,B,23.6,No,No,Bachelor's,Medium,Low,6.9,75.9,Poor,Auditory,Medium
57,84.9,77.0,82.6,80.7,85.1,90.8,83.5,B,27.9,No,No,High School,High,Medium,5.7,71.1,Average,Kinesthetic,Low
58,78.3,88.7,74.3,73.3,91.1,87.9,82.3,B,14.6,No,Yes,Bachelor's,High,Medium,7.6,80.5,Average,Reading/Writing,Low
59,52.2,50.2,45.7,41.1,51.0,47.0,47.9,F,2.3,No,No,Master's,Medium,Medium,5.8,82.6,Excellent,Kinesthetic,Medium
60,67.8,62.7,69.9,69.3,70.8,65.1,67.6,D,2.8,No,No,PhD,High,Low,7.1,98.2,Good,Visual,Medium
61,56.0,64.1,49.6,64.3,54.6,48.8,56.2,F,13.9,No,No,Bachelor's,Medium,Medium,7.1,61.1,Good,Visual,Low
62,50.1,53.0,55.5,60.5,60.3,47.2,54.4,F,10.8,No,Yes,Bachelor's,Low,Low,6.6,66.3,Excellent,Auditory,Low
63,64.5,72.6,58.3,69.1,74.0,76.6,69.2,D,9.4,Yes,No,Bachelor's,High,Medium,7.2,91.6,Good,Reading/Writing,Low
64,84.5,81.0,92.8,82.0,97.8,81.4,86.6,B,20.8,No,Yes,High School,High,Medium,6.5,99.5,Poor,Reading/Writing,Low
65,83.2,76.7,69.5,68.4,79.4,77.2,75.7,C,18.4,Yes,Yes,Master's,Medium,Low,5.8,69.9,Poor,Kinesthetic,High
66,80.2,85.3,92.6,83.2,79.1,83.2,83.9,B,23.1,No,Yes,Master's,Low,Low,8.0,81.7,Excellent,Auditory,High
67,69.1,68.6,66.9,55.4,74.6,63.2,66.3,D,14.8,No,No,PhD,Low,Low,6.7,68.3,Good,Visual,High
68,72.5,79.0,78.1,74.4,67.9,69.5,73.6,C,6.0,No,Yes,Bachelor's,High,High,5.8,92.7,Poor,Auditory,Low
69,74.0,64.4,59.8,62.1,66.9,72.1,66.6,D,21.4,No,Yes,None,High,Low,5.4,67.8,Average,Auditory,High
70,60.8,68.6,64.5,66.9,65.6,63.8,65.0,D,6.1,Yes,Yes,Master's,High,Medium,7.0,68.1,Good,Visual,Medium
71,91.9,90.1,90.8,76.8,89.5,93.5,88.8,B,24.0,No,No,PhD,High,High,7.8,79.4,Good,Reading/Writing,Low
72,51.4,55.3,64.5,47.7,51.1,64.4,55.7,F,2.0,No,Yes,High School,Medium,Low,6.6,76.7,Average,Kinesthetic,Medium
73,62.6,62.3,61.0,60.0,54.7,55.8,59.4,F,5.3,No,No,High School,High,Medium,8.1,80.4,Excellent,Visual,Low
74,70.0,77.6,74.0,69.3,68.6,74.6,72.4,C,22.1,Yes,Yes,Master's,Medium,High,7.6,77.2,Excellent,Auditory,Low
75,73.1,78.0,68.7,70.6,80.4,73.1,74.0,C,15.1,Yes,No,Master's,Low,Medium,5.4,79.6,Excellent,Kinesthetic,Low
76,78.4,79.2,79.1,74.3,80.4,70.3,77.0,C,13.7,No,No,High School,Medium,Medium,8.0,76.6,Average,Kinesthetic,Medium
77,61.2,56.7,64.3,61.0,64.2,61.1,61.4,D,10.0,No,Yes,PhD,Medium,Low,8.6,85.8,Excellent,Kinesthetic,High
78,77.3,82.6,72.1,77.8,75.3,84.8,78.3,C,8.8,No,Yes,Bachelor's,Low,High,8.1,97.3,Excellent,Kinesthetic,High
79,74.4,69.8,80.4,85.2,87.0,81.2,79.7,C,11.9,No,Yes,Master's,Medium,Low,7.1,93.6,Good,Reading/Writing,Medium
80,90.2,100,91.5,100,100,91.7,95.6,A,29.8,No,No,None,High,Low,5.0,70.0,Excellent,Visual,High
81,62.1,60.6,57.2,71.7,53.1,63.6,61.4,D,9.0,No,Yes,High School,Low,Medium,5.6,62.2,Good,Kinesthetic,Low
82,48.5,54.9,58.6,49.6,62.2,64.8,56.4,F,12.5,Yes,No,Master's,Medium,Medium,7.2,66.1,Poor,Reading/Writing,Low
83,62.0,63.9,58.2,68.6,63.3,57.3,62.2,D,11.7,Yes,Yes,Bachelor's,High,Low,8.7,67.7,Poor,Auditory,Low
84,91.3,97.1,94.5,81.7,82.1,94.0,90.1,A,27.3,No,Yes,Bachelor's,Low,Medium,7.6,90.4,Good,Kinesthetic,Medium
85,66.0,70.8,77.3,70.4,75.4,73.3,72.2,C,4.4,Yes,No,High School,Medium,High,8.7,86.7,Excellent,Visual,High
86,80.8,70.9,73.6,80.8,77.3,81.5,77.5,C,21.2,No,Yes,Bachelor's,Medium,High,4.1,65.5,Excellent,Kinesthetic,High
87,62.6,55.6,65.8,59.6,62.4,57.4,60.6,D,6.8,No,No,None,High,Low,6.3,84.3,Average,Visual,Medium
88,79.7,85.4,89.6,75.4,82.1,84.1,82.7,B,24.7,No,No,PhD,Medium,Medium,6.5,75.8,Poor,Kinesthetic,Low
89,82.5,81.3,69.9,76.3,85.5,87.1,80.4,B,15.4,No,No,High School,Medium,Low,7.1,77.2,Average,Kinesthetic,Low
90,76.1,82.2,77.4,79.7,85.0,66.1,77.8,C,21.3,Yes,Yes,Master's,Low,High,5.5,79.8,Good,Auditory,Medium
91,83.1,85.9,88.3,90.7,90.7,78.4,86.2,B,23.1,Yes,No,PhD,Low,High,6.4,93.8,Poor,Visual,High
92,86.4,78.0,81.9,93.5,91.9,77.2,84.8,B,15.7,No,Yes,High School,Low,High,5.5,89.2,Poor,Visual,Low
93,58.9,50.4,48.4,49.5,59.4,63.1,54.9,F,8.1,Yes,No,PhD,High,Low,7.8,61.4,Average,Visual,High
94,55.0,59.2,63.1,61.5,58.1,71.0,61.3,D,10.0,No,No,Bachelor's,Medium,Medium,4.4,73.2,Average,Kinesthetic,Medium
95,78.6,64.9,81.1,61.9,68.7,73.8,71.5,C,14.0,Yes,Yes,PhD,Medium,Medium,6.7,67.9,Excellent,Reading/Writing,Low
96,86.7,84.8,95.8,85.5,90.1,86.7,88.3,B,20.5,Yes,No,Master's,High,High,8.4,77.5,Excellent,Kinesthetic,Medium
97,81.6,82.5,91.3,78.0,91.8,85.3,85.1,B,17.7,Yes,No,Master's,High,High,6.4,88.0,Average,Kinesthetic,Medium
98,81.4,83.4,85.2,68.6,86.4,78.5,80.6,B,17.9,No,Yes,Bachelor's,High,Medium,7.3,87.7,Excellent,Visual,Medium
99,80.9,76.6,72.0,75.8,76.7,76.5,76.4,C,19.2,Yes,Yes,Master's,High,Medium,5.8,65.7,Average,Kinesthetic,Medium
100,70.0,70.7,64.7,73.4,68.6,65.4,68.8,D,7.4,Yes,Yes,Master's,Medium,Low,7.0,89.0,Poor,Visual,Low
101,63.5,62.8,66.3,74.7,68.6,60.8,66.1,D,10.2,Yes,No,Master's,High,Low,5.1,98.4,Good,Auditory,Low
102,75.4,74.0,69.9,79.3,80.0,77.3,76.0,C,11.2,No,No,Master's,Medium,Medium,7.8,78.8,Good,Kinesthetic,High
103,75.1,77.9,79.4,72.7,69.8,84.7,76.6,C,18.7,No,No,Bachelor's,Medium,Medium,6.2,89.9,Average,Reading/Writing,Low
104,75.1,74.3,66.3,67.9,63.2,69.8,69.4,D,12.1,Yes,No,PhD,Medium,High,5.7,83.5,Average,Reading/Writing,Low
105,68.0,60.9,68.3,70.0,60.2,75.6,67.2,D,13.4,No,Yes,Bachelor's,High,High,7.1,84.4,Excellent,Auditory,High
106,41.8,41.9,44.7,37.4,44.4,45.1,42.5,F,9.7,No,No,PhD,High,Low,6.3,63.5,Average,Visual,Medium
107,73.3,66.9,76.5,73.3,76.1,72.2,73.0,C,22.2,Yes,Yes,None,Medium,Medium,7.9,69.1,Average,Reading/Writing,High
108,91.0,88.7,87.8,91.7,85.6,84.8,88.3,B,17.5,No,No,None,Medium,Low,4.4,92.7,Poor,Visual,Low
109,50.6,50.3,41.5,50.8,48.3,48.4,48.3,F,6.3,Yes,Yes,Bachelor's,Medium,Low,6.1,64.3,Good,Auditory,Low
110,69.4,65.8,68.6,68.8,73.6,68.8,69.2,D,13.3,Yes,Yes,PhD,Medium,Medium,8.3,93.6,Average,Reading/Writing,Low
111,69.6,77.7,76.7,66.3,74.2,71.1,72.6,C,8.4,Yes,Yes,Bachelor's,High,High,8.9,99.5,Good,Reading/Writing,High
112,37.5,39.5,42.8,36.6,33.7,47.2,39.6,F,3.5,No,Yes,PhD,High,Low,6.2,68.2,Good,Reading/Writing,Low
113,70.2,82.0,83.3,86.6,79.2,70.6,78.6,C,10.5,No,No,PhD,High,Low,6.1,85.2,Poor,Kinesthetic,Medium
114,59.9,56.5,67.7,66.1,66.4,53.5,61.7,D,9.8,Yes,Yes,High School,Medium,High,7.9,82.0,Average,Kinesthetic,Medium
115,48.9,43.1,48.2,47.7,53.9,42.9,47.4,F,1.5,No,Yes,PhD,Low,High,7.9,87.6,Good,Kinesthetic,Medium
116,52.8,50.2,64.8,59.4,60.2,55.9,57.2,F,9.1,No,Yes,High School,High,Low,6.2,65.7,Average,Auditory,Medium
117,89.3,76.9,89.9,74.7,81.5,85.2,82.9,B,21.9,Yes,No,High School,Medium,Medium,6.1,67.0,Average,Kinesthetic,Medium
118,60.9,68.0,59.0,75.3,60.6,61.8,64.3,D,3.3,No,Yes,PhD,High,Low,4.8,96.2,Poor,Visual,High
119,96.0,92.7,91.1,83.5,88.8,97.7,91.6,A,24.1,Yes,Yes,Bachelor's,Low,High,7.7,80.6,Good,Reading/Writing,Medium
120,61.0,69.7,58.6,59.3,70.0,75.2,65.6,D,21.8,Yes,Yes,High School,Low,Low,5.6,67.4,Average,Reading/Writing,Medium
121,83.5,90.8,84.8,85.0,90.8,89.6,87.4,B,24.9,No,Yes,Bachelor's,High,Medium,4.9,76.0,Good,Auditory,Low
122,61.7,59.6,56.7,62.6,60.1,59.2,60.0,D,21.4,No,Yes,Master's,High,High,5.9,64.3,Poor,Auditory,Medium
123,59.9,60.8,68.3,69.3,73.0,61.3,65.4,D,9.1,No,Yes,High School,High,High,5.0,88.6,Good,Kinesthetic,Low
124,79.6,77.3,74.9,80.8,68.0,72.4,75.5,C,11.3,No,No,Bachelor's,Medium,High,5.4,73.5,Excellent,Auditory,High
125,75.4,78.1,87.4,77.4,84.6,84.9,81.3,B,20.3,No,Yes,PhD,Low,High,5.1,71.5,Poor,Auditory,High
126,81.2,79.0,86.4,80.9,81.8,79.3,81.4,B,15.9,No,Yes,Bachelor's,High,High,6.4,82.5,Excellent,Reading/Writing,High
127,51.3,52.3,63.9,52.4,60.7,54.4,55.8,F,4.1,No,Yes,None,High,High,8.1,83.5,Poor,Kinesthetic,Low
128,79.8,84.9,86.4,85.1,77.9,88.6,83.8,B,14.4,No,Yes,Master's,Medium,Low,5.6,97.7,Poor,Visual,High
129,99.5,99.8,84.1,89.0,100,100,95.4,A,27.0,No,No,None,Low,Low,5.0,74.3,Average,Auditory,Low
130,42.6,52.8,39.0,48.8,40.1,55.4,46.4,F,5.4,No,Yes,None,High,Medium,6.2,71.6,Poor,Kinesthetic,Low
131,100,100,100,100,100,90.4,98.4,A,26.4,No,No,High School,High,Low,5.7,83.7,Good,Kinesthetic,Medium
132,79.8,78.2,82.9,79.5,81.5,70.4,78.7,C,11.0,No,Yes,Bachelor's,Medium,High,7.8,90.0,Excellent,Kinesthetic,High
133,52.4,65.1,62.4,55.3,62.4,63.2,60.1,D,5.0,Yes,No,None,High,High,6.2,92.8,Good,Reading/Writing,Medium
134,87.9,96.3,85.5,85.5,87.9,94.4,89.6,B,26.5,Yes,Yes,None,Medium,Low,8.6,71.9,Average,Auditory,High
135,85.5,82.2,86.8,83.4,78.4,78.0,82.4,B,19.8,No,Yes,High School,Low,Low,5.7,80.4,Excellent,Kinesthetic,High
136,57.6,58.9,67.9,59.1,71.9,60.6,62.7,D,4.7,No,Yes,Bachelor's,Medium,Low,8.6,84.0,Poor,Kinesthetic,Medium
137,75.5,87.0,78.2,76.2,73.7,75.3,77.6,C,19.9,No,Yes,Master's,Low,Medium,7.3,69.9,Average,Kinesthetic,Low
138,97.9,90.0,85.2,86.2,92.6,99.9,92.0,A,20.4,Yes,Yes,Master's,Medium,Medium,7.7,91.5,Excellent,Kinesthetic,Medium
139,99.8,90.6,100,100,86.6,100,96.2,A,28.2,No,No,Bachelor's,Low,High,4.5,85.7,Good,Kinesthetic,Medium
140,96.4,86.3,93.2,91.7,92.7,100,93.4,A,27.6,Yes,No,None,High,Low,7.4,79.7,Excellent,Visual,Medium
141,43.1,50.2,47.8,42.9,53.7,45.2,47.2,F,1.7,Yes,No,None,Medium,High,4.6,82.3,Poor,Kinesthetic,Low
142,79.8,71.8,81.5,76.6,65.5,63.9,73.2,C,12.9,Yes,Yes,High School,High,Low,5.3,77.5,Poor,Kinesthetic,Low
143,100,100,100,92.7,95.1,100,98.0,A,23.6,No,Yes,PhD,High,Low,7.9,89.1,Excellent,Visual,Medium
144,64.3,79.4,64.5,71.5,71.4,64.7,69.3,D,13.3,Yes,Yes,PhD,High,High,6.1,89.7,Good,Kinesthetic,High
145,100,100,99.5,100,100,96.4,99.3,A,23.4,Yes,No,PhD,High,Low,7.3,96.5,Excellent,Reading/Writing,Low
146,97.7,96.9,89.6,98.9,97.0,94.7,95.8,A,15.4,Yes,Yes,High School,Low,Medium,8.9,99.4,Excellent,Visual,High
147,88.2,89.9,81.9,84.9,89.7,77.7,85.4,B,22.7,Yes,Yes,Master's,High,Medium,7.4,83.8,Average,Kinesthetic,Low
148,75.7,65.7,79.4,76.5,65.8,68.6,72.0,C,11.7,No,No,Master's,High,Low,5.9,85.4,Average,Auditory,Low
149,100,95.5,100,90.2,100,100,97.6,A,27.9,Yes,No,PhD,Low,Medium,7.9,98.5,Good,Visual,High
150,88.8,81.5,86.2,79.2,80.0,91.4,84.5,B,30.0,No,No,Master's,Medium,Medium,4.2,74.8,Good,Visual,Low
151,55.9,54.2,41.7,43.6,41.3,49.4,47.7,F,3.7,Yes,No,None,Low,Low,5.9,79.4,Poor,Auditory,High
152,35.0,46.4,47.9,46.0,41.1,51.2,44.6,F,1.6,No,No,Master's,Low,High,6.0,61.4,Average,Reading/Writing,Medium
153,30.2,34.1,25.4,45.0,38.5,30.5,33.9,F,1.1,No,No,None,Medium,Low,8.0,62.8,Poor,Auditory,High
154,92.4,93.9,85.4,91.0,88.4,93.7,90.8,A,13.7,Yes,Yes,Bachelor's,Low,Medium,5.2,99.5,Excellent,Reading/Writing,Medium
155,80.4,71.7,71.6,80.2,88.1,72.9,77.5,C,6.2,No,No,High School,High,High,4.1,93.4,Excellent,Kinesthetic,Medium
156,95.9,88.0,94.9,98.3,97.0,85.8,93.3,A,21.2,No,No,Master's,Low,Low,9.0,95.8,Excellent,Auditory,High
157,81.3,67.5,74.6,64.1,73.8,67.8,71.5,C,9.8,Yes,Yes,PhD,Low,Medium,5.7,99.7,Excellent,Reading/Writing,Medium
158,81.3,82.3,93.1,78.6,86.8,90.6,85.4,B,21.2,No,Yes,Bachelor's,High,High,4.5,82.5,Good,Visual,Medium
159,74.8,73.6,86.3,83.0,86.3,87.5,81.9,B,21.1,Yes,Yes,None,Low,Low,4.9,60.9,Average,Reading/Writing,Low
160,59.8,63.5,58.6,57.6,75.8,73.4,64.8,D,8.6,No,Yes,Bachelor's,High,Low,8.7,99.1,Excellent,Auditory,Medium
161,67.7,60.6,74.7,69.4,63.7,63.5,66.6,D,11.9,No,No,None,High,High,5.1,84.5,Poor,Auditory,Medium
162,89.9,97.5,82.7,94.0,83.6,90.4,89.7,B,19.7,No,No,PhD,Low,High,9.0,88.4,Good,Kinesthetic,Low
163,75.9,64.5,73.7,74.7,66.3,69.8,70.8,C,2.3,Yes,Yes,None,Low,High,4.8,95.4,Average,Auditory,High
164,85.9,82.7,80.5,83.1,80.9,79.3,82.1,B,24.4,No,No,PhD,High,Medium,5.3,74.6,Excellent,Reading/Writing,Medium
165,72.2,73.1,77.2,75.4,77.5,67.6,73.8,C,8.8,Yes,No,Master's,Medium,High,7.2,82.4,Average,Auditory,Medium
166,56.2,60.7,63.7,56.6,58.4,57.0,58.8,F,9.6,No,Yes,Master's,High,High,8.7,71.4,Poor,Visual,Low
167,90.9,96.5,99.4,95.2,86.6,94.4,93.8,A,20.4,Yes,No,High School,Medium,High,4.0,85.8,Good,Auditory,Medium
168,67.3,78.6,79.8,75.9,68.4,82.2,75.4,C,3.6,No,Yes,High School,Low,Low,6.8,97.2,Poor,Auditory,Medium
169,55.8,55.1,56.5,48.7,45.6,63.1,54.1,F,8.4,No,Yes,Master's,Medium,Medium,7.1,73.9,Excellent,Auditory,Low
170,89.3,91.3,86.3,85.3,92.8,88.3,88.9,B,24.2,No,No,High School,Medium,Low,5.6,95.8,Average,Auditory,High
171,75.2,79.1,79.2,71.8,71.8,81.3,76.4,C,14.6,No,No,PhD,Medium,Medium,6.5,85.3,Good,Kinesthetic,High
172,89.4,87.1,97.1,87.2,80.0,78.9,86.6,B,27.9,Yes,No,High School,Medium,High,4.6,62.8,Poor,Visual,Low
173,89.6,89.8,90.3,83.9,87.6,79.2,86.7,B,19.4,Yes,No,PhD,Medium,High,8.0,74.5,Average,Kinesthetic,Medium
174,73.4,73.6,78.9,63.2,62.2,69.7,70.2,C,11.6,No,Yes,None,Medium,High,7.6,67.6,Poor,Visual,Low
175,70.9,81.0,77.8,70.2,70.7,85.4,76.0,C,8.5,No,Yes,Bachelor's,Medium,High,5.1,87.0,Good,Auditory,High
176,82.8,68.7,80.1,77.2,75.8,74.1,76.5,C,11.5,No,Yes,Bachelor's,Low,Medium,4.3,98.3,Excellent,Reading/Writing,Low
177,55.2,52.7,46.0,59.5,50.7,57.6,53.6,F,6.7,Yes,No,PhD,Medium,Medium,8.7,71.1,Good,Kinesthetic,Low
178,47.6,49.5,46.2,55.7,49.9,46.9,49.3,F,3.3,Yes,No,Master's,Low,Medium,8.2,65.2,Poor,Auditory,Medium
179,88.4,81.1,96.4,98.2,98.7,90.3,92.2,A,29.2,Yes,Yes,Master's,Low,Low,6.5,83.7,Poor,Visual,Low
180,73.0,66.6,80.3,65.0,77.6,73.7,72.7,C,11.4,No,No,Bachelor's,Low,Low,5.3,79.5,Good,Visual,Medium
181,89.9,88.3,87.3,82.1,78.6,84.0,85.0,B,24.9,Yes,No,Master's,High,Medium,6.4,70.4,Excellent,Visual,Medium
182,76.8,76.2,83.5,77.7,81.0,84.6,80.0,B,15.7,No,Yes,Master's,Medium,High,8.2,95.0,Excellent,Auditory,High
183,89.7,81.0,89.7,79.7,86.4,83.8,85.0,B,23.0,Yes,Yes,Master's,Low,High,6.8,81.3,Average,Kinesthetic,Low
184,85.1,87.3,83.9,92.7,83.7,77.6,85.0,B,17.4,No,No,High School,High,High,8.1,88.0,Poor,Visual,High
185,97.0,94.3,84.6,88.3,98.8,85.4,91.4,A,17.5,No,Yes,Master's,Medium,Low,9.0,90.8,Poor,Auditory,Medium
186,83.1,83.8,90.4,89.5,78.9,79.4,84.2,B,24.6,Yes,No,Master's,Medium,Medium,8.1,77.7,Average,Reading/Writing,High
187,82.5,86.4,72.9,90.6,75.1,87.3,82.5,B,24.6,Yes,Yes,PhD,High,High,6.2,80.1,Poor,Reading/Writing,High
188,67.8,63.8,63.4,78.1,74.9,78.5,71.1,C,13.1,No,No,Master's,Low,Medium,6.8,68.5,Poor,Reading/Writing,Low
189,88.3,85.7,78.6,73.2,72.0,89.4,81.2,B,23.1,Yes,No,Master's,Low,Medium,8.4,63.6,Average,Auditory,Medium
190,70.5,71.0,76.1,84.1,84.3,80.2,77.7,C,7.3,No,No,None,High,High,6.2,89.9,Poor,Reading/Writing,Medium
191,100,99.0,93.9,94.8,100,90.2,96.3,A,29.1,No,No,PhD,Low,High,7.8,88.3,Average,Auditory,Medium
192,83.3,79.5,76.8,85.0,88.5,72.9,81.0,B,25.3,Yes,No,PhD,High,High,7.2,62.1,Good,Auditory,Medium
193,98.7,89.5,89.9,100,90.3,91.4,93.3,A,22.7,No,Yes,High School,Low,Low,6.5,89.1,Excellent,Visual,Low
194,95.1,86.7,99.7,86.1,96.6,88.4,92.1,A,21.9,Yes,Yes,High School,High,Medium,5.4,77.4,Excellent,Kinesthetic,Low
195,67.0,56.4,55.1,67.9,68.0,65.3,63.3,D,2.8,No,Yes,High School,High,High,5.1,82.0,Poor,Auditory,High
196,83.6,76.8,72.9,79.7,79.3,74.9,77.9,C,21.2,Yes,No,High School,High,Low,8.0,67.8,Excellent,Auditory,Medium
197,88.7,100,100,100,93.0,100,97.0,A,29.6,Yes,Yes,High School,Medium,Low,8.7,81.0,Average,Visual,Medium
198,60.6,61.5,62.2,61.2,62.2,56.8,60.8,D,3.4,Yes,Yes,Bachelor's,High,Low,5.0,85.4,Good,Reading/Writing,Medium
199,100,100,95.1,92.9,100,100,98.0,A,23.9,No,Yes,PhD,Medium,High,5.8,95.2,Excellent,Auditory,Medium
200,96.2,83.2,87.9,81.0,88.0,89.5,87.6,B,21.9,Yes,No,None,Low,Medium,5.8,93.2,Average,Reading/Writing,Low
201,86.3,88.3,71.3,84.1,81.8,76.3,81.4,B,11.8,No,Yes,Bachelor's,High,Low,6.1,90.7,Average,Visual,Low
202,70.2,61.6,77.2,77.7,75.9,66.5,71.5,C,8.1,No,No,Master's,Medium,Medium,7.8,79.0,Good,Kinesthetic,High
203,85.8,80.3,82.2,87.4,80.6,73.0,81.6,B,23.7,Yes,Yes,PhD,Medium,High,6.1,67.3,Good,Reading/Writing,Medium
204,100,100,100,98.4,100,93.7,98.7,A,27.3,No,Yes,Master's,High,High,8.9,90.6,Poor,Auditory,Low
205,82.6,78.7,81.9,75.0,85.9,69.7,79.0,C,10.4,Yes,Yes,Bachelor's,High,Medium,8.2,90.7,Excellent,Reading/Writing,High
206,61.5,59.2,72.0,70.5,64.5,55.6,63.9,D,7.3,No,No,High School,Low,Low,4.5,87.2,Poor,Reading/Writing,High
207,77.3,80.9,74.6,80.1,84.5,84.2,80.3,B,17.4,No,Yes,None,Low,Low,6.5,67.9,Good,Auditory,Low
208,94.9,92.6,100,92.8,96.4,100,96.1,A,18.1,No,No,PhD,Low,Low,8.3,93.4,Poor,Auditory,Low
209,68.3,56.1,61.0,54.9,70.8,67.2,63.1,D,8.1,No,No,Master's,Medium,Medium,7.9,79.5,Good,Auditory,Medium
210,69.0,77.2,70.6,81.0,70.5,76.1,74.1,C,16.4,No,Yes,Bachelor's,Low,Low,8.3,81.5,Poor,Visual,High
211,100,100,92.4,97.7,100,100,98.3,A,28.1,Yes,No,PhD,Low,Medium,5.5,99.5,Average,Visual,Low
212,100,100,100,100,100,100,100.0,A,26.3,Yes,No,None,High,Medium,7.6,85.4,Good,Kinesthetic,High
213,45.4,52.1,43.1,41.3,59.8,51.8,48.9,F,4.7,Yes,Yes,High School,Low,Medium,5.9,68.9,Poor,Kinesthetic,Medium
214,59.8,65.6,56.4,62.5,70.4,72.6,64.5,D,7.0,No,Yes,PhD,Medium,Low,5.6,93.6,Good,Reading/Writing,High
215,64.4,67.5,64.2,69.3,68.2,66.4,66.7,D,22.9,Yes,No,None,Medium,High,6.1,65.1,Good,Reading/Writing,Medium
216,81.5,81.0,80.3,68.6,81.9,66.2,76.6,C,7.1,Yes,Yes,High School,High,High,6.7,84.1,Excellent,Visual,Low
217,77.6,74.1,84.0,66.4,72.9,76.2,75.2,C,22.3,No,No,Master's,Medium,High,8.3,61.8,Average,Auditory,Low
218,77.8,78.1,68.0,81.7,79.3,75.1,76.7,C,16.7,No,Yes,None,High,Medium,6.4,60.1,Average,Auditory,High
219,95.7,91.2,89.7,80.0,97.8,95.7,91.7,A,21.4,No,No,Master's,Medium,Medium,5.2,79.3,Average,Kinesthetic,High
220,50.3,53.1,55.4,39.9,42.9,45.1,47.8,F,8.4,Yes,No,High School,High,High,5.9,66.1,Excellent,Visual,Medium
221,59.7,70.1,69.4,58.4,64.5,64.9,64.5,D,9.8,No,No,Bachelor's,Medium,Low,4.3,66.8,Good,Visual,Low
222,64.8,54.1,68.2,51.4,64.4,65.0,61.3,D,3.5,Yes,Yes,High School,High,Medium,5.6,71.2,Poor,Visual,Low
223,77.2,72.7,72.5,73.7,84.7,74.4,75.9,C,14.9,Yes,Yes,None,Medium,High,5.7,72.8,Poor,Kinesthetic,High
224,87.5,84.4,95.4,86.8,81.1,87.4,87.1,B,12.4,Yes,No,PhD,High,High,5.4,99.5,Average,Auditory,Medium
225,47.2,58.9,45.2,46.7,44.7,62.5,50.9,F,7.4,No,No,None,Low,Medium,8.2,62.0,Excellent,Visual,Low
226,75.6,74.9,85.6,84.7,86.9,75.6,80.6,B,19.7,No,Yes,None,High,Medium,6.7,87.9,Good,Kinesthetic,Medium
227,52.9,45.4,54.7,52.2,49.3,50.0,50.8,F,7.5,Yes,Yes,High School,High,High,6.5,71.6,Excellent,Visual,Medium
228,100,100,100,92.9,100,90.2,97.2,A,26.9,No,Yes,Master's,Medium,Low,4.0,82.6,Good,Auditory,Low
229,51.1,47.4,46.3,36.5,38.2,49.5,44.8,F,1.6,No,No,High School,High,Medium,8.0,76.2,Excellent,Kinesthetic,High
230,83.0,80.9,90.3,79.6,95.2,94.6,87.3,B,20.6,No,No,High School,Low,Low,6.2,73.0,Excellent,Visual,High
231,89.5,73.8,76.8,80.6,89.4,83.1,82.2,B,9.1,No,No,Bachelor's,Low,High,8.9,97.4,Poor,Visual,Medium
232,64.7,72.8,62.1,62.5,75.7,77.4,69.2,D,13.7,Yes,Yes,High School,High,Low,7.8,83.1,Excellent,Reading/Writing,Medium
233,83.3,91.4,82.7,78.7,96.8,85.4,86.4,B,17.2,No,No,None,Low,Low,5.4,85.0,Poor,Kinesthetic,Medium
234,49.6,55.3,43.5,58.3,48.4,51.4,51.1,F,2.9,Yes,Yes,Master's,Low,Medium,6.3,71.1,Good,Auditory,Medium
235,66.1,66.7,55.7,69.8,61.3,66.9,64.4,D,5.9,Yes,No,High School,Medium,Low,5.1,91.2,Average,Kinesthetic,Medium
236,94.3,92.5,100,94.2,91.2,100,95.4,A,24.1,No,Yes,Bachelor's,Medium,High,8.1,90.4,Excellent,Visual,High
237,88.4,76.3,74.3,81.6,79.2,84.6,80.7,B,18.7,No,No,None,Low,Low,8.2,75.0,Poor,Auditory,Medium
238,84.7,77.3,89.6,87.8,82.1,77.0,83.1,B,25.8,No,Yes,Bachelor's,Low,Medium,5.8,66.5,Excellent,Kinesthetic,High
239,47.6,53.9,54.4,54.5,50.5,54.1,52.5,F,5.4,Yes,No,High School,Low,Medium,7.5,61.0,Excellent,Auditory,Medium
240,70.5,55.9,68.2,72.1,69.3,66.8,67.1,D,9.4,No,No,PhD,Low,Low,5.5,73.5,Good,Visual,Medium
241,93.5,100,91.4,95.2,95.8,100,96.0,A,29.1,No,Yes,None,High,Medium,5.0,77.8,Poor,Visual,High
242,98.7,100,100,100,100,100,99.8,A,23.7,No,No,Bachelor's,High,High,4.2,93.1,Good,Visual,Medium
243,88.3,73.7,85.4,80.3,78.6,87.1,82.2,B,13.5,No,Yes,High School,Medium,Low,6.7,95.2,Good,Reading/Writing,Medium
244,73.6,63.4,68.1,60.7,71.0,71.4,68.0,D,21.8,Yes,Yes,Master's,Medium,Low,5.5,62.8,Poor,Auditory,Medium
245,83.3,72.7,74.2,83.7,69.4,81.0,77.4,C,12.0,Yes,No,Bachelor's,Medium,Low,7.8,76.3,Excellent,Reading/Writing,Medium
246,77.4,75.9,79.5,91.3,74.9,92.8,82.0,B,16.5,No,Yes,Bachelor's,Low,High,7.3,89.8,Excellent,Reading/Writing,Low
247,65.0,70.6,61.3,78.7,81.2,62.0,69.8,D,7.7,Yes,No,None,Low,High,7.8,97.1,Average,Reading/Writing,High
248,80.1,82.4,82.2,83.4,91.8,90.4,85.1,B,21.7,Yes,No,Master's,Medium,High,8.5,80.4,Average,Kinesthetic,Low
249,63.0,54.9,61.8,51.1,66.6,51.5,58.1,F,9.7,Yes,Yes,Master's,High,High,6.3,75.4,Excellent,Reading/Writing,Low
250,42.3,37.2,46.1,40.8,40.7,42.1,41.5,F,1.2,Yes,Yes,Master's,High,Medium,6.1,71.7,Good,Visual,Low
251,66.7,75.8,75.8,63.9,58.8,59.5,66.8,D,13.6,No,No,High School,Medium,Low,8.6,68.1,Excellent,Reading/Writing,High
252,75.6,69.8,71.8,75.4,84.4,71.2,74.7,C,23.5,Yes,Yes,High School,Low,Medium,5.1,80.1,Poor,Auditory,High
253,100,95.6,99.9,100,90.2,99.4,97.5,A,29.7,No,Yes,High School,Medium,Low,5.8,89.0,Excellent,Kinesthetic,High
254,73.7,66.6,63.2,77.9,80.3,74.0,72.6,C,23.1,No,Yes,PhD,Low,Low,6.0,65.2,Average,Auditory,High
255,88.9,86.9,90.9,86.6,94.9,90.7,89.8,B,27.6,No,No,PhD,High,High,9.0,84.3,Good,Visual,High
256,85.7,79.9,87.1,82.1,81.6,80.8,82.9,B,14.5,Yes,No,None,Low,Medium,6.5,79.7,Good,Kinesthetic,Low
257,76.6,66.2,78.7,61.1,73.6,77.2,72.2,C,11.5,No,No,PhD,High,High,4.1,72.9,Excellent,Reading/Writing,Low
258,60.6,58.1,67.4,61.0,64.0,74.5,64.3,D,5.0,No,Yes,Bachelor's,High,Low,8.4,78.4,Good,Reading/Writing,Medium
259,51.7,45.0,53.8,53.6,51.5,52.0,51.3,F,1.1,No,Yes,PhD,Low,High,6.2,69.4,Excellent,Visual,Medium
260,94.6,99.7,100,100,92.2,100,97.8,A,22.2,No,No,High School,Low,High,7.9,95.5,Average,Reading/Writing,High
261,93.3,93.5,82.9,92.7,81.6,85.7,88.3,B,18.2,Yes,Yes,High School,Low,Medium,6.4,99.2,Good,Visual,Low
262,65.9,66.4,68.2,58.1,77.1,75.3,68.5,D,9.2,Yes,Yes,Bachelor's,Medium,Low,4.5,89.6,Average,Kinesthetic,High
263,85.6,77.1,79.8,84.7,92.4,80.2,83.3,B,19.5,Yes,No,Bachelor's,Low,Low,6.2,80.9,Good,Reading/Writing,Low
264,73.2,86.7,76.6,71.2,81.3,86.9,79.3,C,7.6,No,Yes,Master's,Medium,High,4.1,92.7,Poor,Auditory,Low
265,50.0,62.7,47.5,64.3,48.8,61.7,55.8,F,5.6,Yes,No,PhD,Medium,Low,7.4,81.2,Good,Auditory,High
266,70.1,77.1,72.2,65.3,65.3,77.5,71.2,C,12.0,Yes,Yes,None,High,Medium,5.9,69.8,Excellent,Visual,High
267,83.5,78.4,89.8,81.2,77.9,71.5,80.4,B,25.2,No,Yes,PhD,Low,Medium,5.0,61.8,Poor,Reading/Writing,Low
268,58.5,61.8,61.7,55.4,63.1,52.8,58.9,F,9.2,No,No,Bachelor's,Medium,Low,6.6,69.4,Average,Reading/Writing,Medium
269,83.9,76.1,81.2,79.6,87.7,73.5,80.3,B,17.6,No,No,None,Medium,Low,5.7,96.5,Average,Visual,Low
270,76.6,70.9,61.6,78.5,69.7,66.5,70.6,C,12.2,Yes,No,High School,Low,Low,5.0,82.1,Good,Reading/Writing,Low
271,53.6,58.5,49.9,42.4,52.3,56.0,52.1,F,6.8,Yes,No,High School,Low,Medium,7.2,73.7,Average,Reading/Writing,High
272,61.0,69.6,77.7,64.4,76.3,68.1,69.5,D,7.6,No,No,High School,Medium,High,5.2,96.3,Excellent,Reading/Writing,Low
273,87.2,81.6,74.5,81.1,79.4,86.7,81.7,B,19.6,Yes,No,None,Low,Medium,4.8,97.6,Good,Visual,High
274,71.8,67.6,59.1,73.2,65.8,67.8,67.5,D,3.9,Yes,No,High School,Low,Medium,8.6,82.2,Average,Kinesthetic,Medium
275,81.7,84.1,74.4,85.4,72.9,70.3,78.1,C,21.8,Yes,Yes,None,High,High,4.5,82.3,Good,Reading/Writing,Low
276,76.4,74.6,72.0,77.6,81.2,79.8,76.9,C,13.9,Yes,No,Bachelor's,High,High,4.3,98.1,Average,Reading/Writing,High
277,67.2,64.6,62.6,67.3,62.7,74.5,66.5,D,13.3,No,No,None,High,Medium,7.1,63.4,Excellent,Auditory,High
278,88.3,95.9,91.5,89.9,93.3,83.5,90.4,A,21.4,Yes,Yes,None,Medium,High,8.9,84.2,Good,Kinesthetic,Medium
279,65.6,72.9,75.6,81.8,73.4,72.2,73.6,C,15.8,No,Yes,Bachelor's,Medium,Medium,8.5,89.8,Average,Reading/Writing,High
280,72.0,66.1,60.9,73.6,71.0,61.7,67.5,D,12.4,Yes,No,High School,Medium,Medium,7.4,95.0,Average,Kinesthetic,Medium
281,76.6,77.8,68.5,70.4,63.8,63.7,70.1,C,13.4,No,Yes,Bachelor's,Low,Low,7.0,79.7,Good,Auditory,Low
282,96.3,83.9,95.8,89.5,80.7,96.2,90.4,A,22.8,No,Yes,Bachelor's,High,Medium,6.9,79.4,Average,Reading/Writing,Medium
283,88.3,83.0,70.7,88.1,77.0,82.4,81.6,B,22.1,Yes,Yes,High School,Low,Low,8.9,77.9,Average,Kinesthetic,Medium
284,85.4,75.1,84.9,74.1,85.0,75.4,80.0,B,9.5,Yes,Yes,Master's,Medium,Low,4.3,94.7,Good,Reading/Writing,Medium
285,71.7,69.3,68.8,63.2,64.2,68.0,67.5,D,9.3,No,Yes,PhD,Low,Low,6.4,71.3,Average,Visual,High
286,99.2,100,99.6,100,100,91.6,98.4,A,21.8,Yes,No,High School,Medium,Low,4.0,97.5,Excellent,Visual,Low
287,84.6,77.1,69.7,84.9,84.3,70.6,78.5,C,23.5,No,Yes,PhD,High,Medium,6.5,65.6,Good,Reading/Writing,High
288,58.4,46.8,46.4,60.0,62.2,62.8,56.1,F,7.3,No,No,High School,Medium,High,4.2,67.7,Poor,Visual,Low
289,99.1,100,100,100,93.4,91.8,97.4,A,27.0,Yes,Yes,PhD,High,High,7.6,85.4,Good,Reading/Writing,Low
290,44.0,50.2,41.1,46.4,43.8,42.8,44.7,F,2.0,Yes,No,Master's,Medium,High,6.4,71.5,Poor,Reading/Writing,High
291,82.5,75.1,79.9,81.4,79.9,74.0,78.8,C,20.0,Yes,Yes,Master's,Medium,Low,7.5,82.4,Good,Visual,Low
292,64.0,70.0,80.1,70.4,62.4,79.0,71.0,C,5.8,No,No,PhD,Low,Low,6.4,94.3,Average,Visual,High
293,65.3,73.6,68.0,76.3,63.3,67.3,69.0,D,16.9,No,No,PhD,Low,Low,8.7,65.8,Poor,Auditory,Medium
294,73.6,72.9,66.6,64.0,68.7,65.8,68.6,D,21.1,No,No,Master's,Medium,Low,5.9,61.0,Good,Kinesthetic,High
295,65.6,64.4,73.0,56.1,65.5,62.0,64.4,D,4.8,No,Yes,High School,Low,Low,6.8,86.5,Poor,Auditory,Medium
296,99.4,100,92.8,99.4,100,96.5,98.0,A,25.0,Yes,Yes,PhD,Low,High,4.1,93.0,Average,Reading/Writing,Medium
297,58.9,66.2,55.7,54.4,60.2,67.0,60.4,D,6.6,Yes,No,Bachelor's,High,High,5.1,80.7,Good,Kinesthetic,Low
298,90.2,86.2,86.7,94.7,86.1,83.6,87.9,B,19.5,No,Yes,High School,Low,Low,4.2,94.6,Average,Reading/Writing,Low
299,99.6,94.9,100,100,90.1,95.2,96.6,A,23.3,No,Yes,PhD,Low,High,6.7,98.5,Excellent,Auditory,Low
300,97.2,89.0,95.6,83.6,100,84.6,91.7,A,25.0,Yes,No,None,Low,Medium,5.8,73.7,Poor,Auditory,Low
301,79.3,78.7,74.2,64.3,69.5,74.3,73.4,C,9.4,No,Yes,Bachelor's,High,Medium,4.1,86.7,Good,Auditory,Medium
302,62.2,69.9,67.0,74.1,56.7,66.5,66.1,D,22.5,Yes,Yes,Master's,Low,High,5.9,60.9,Average,Kinesthetic,High
303,47.7,60.9,61.8,60.6,57.6,61.4,58.3,F,3.3,Yes,Yes,Master's,High,Low,4.7,78.3,Average,Visual,Low
304,53.9,49.5,49.8,47.8,49.1,55.9,51.0,F,2.6,Yes,Yes,High School,Low,Low,4.1,80.4,Average,Reading/Writing,High
305,75.7,78.9,75.7,88.8,90.4,88.5,83.0,B,24.5,Yes,Yes,Master's,Low,Low,7.8,76.3,Poor,Visual,High
306,64.8,55.0,64.9,51.8,55.5,68.3,60.1,D,2.7,No,No,Master's,Medium,High,7.9,77.1,Good,Visual,Low
307,100,93.3,100,90.2,93.9,100,96.2,A,27.5,Yes,No,Bachelor's,High,High,5.2,94.4,Poor,Kinesthetic,High
308,94.9,98.7,82.3,83.8,88.6,90.0,89.7,B,26.4,Yes,Yes,Master's,Medium,High,8.0,86.5,Poor,Kinesthetic,Low
309,61.7,60.5,70.6,68.1,54.8,53.7,61.6,D,6.0,No,Yes,None,Low,High,6.4,93.9,Average,Auditory,Medium
310,85.2,78.5,84.8,92.8,83.0,89.2,85.6,B,25.7,No,No,None,Medium,High,4.7,67.4,Average,Reading/Writing,Low
311,94.5,91.5,100,88.5,89.1,94.0,92.9,A,21.5,Yes,Yes,Master's,High,High,6.4,97.3,Poor,Visual,Low
312,69.1,67.7,60.3,52.0,54.3,68.1,61.9,D,3.5,Yes,No,High School,Medium,Medium,5.5,84.1,Excellent,Auditory,High
313,98.0,100,94.8,97.8,93.1,100,97.3,A,23.6,No,Yes,Bachelor's,High,High,6.5,91.2,Poor,Auditory,Low
314,100,95.1,94.7,100,95.3,92.9,96.3,A,29.4,No,Yes,None,High,High,7.8,77.8,Poor,Visual,Low
315,96.3,94.5,92.6,100,96.9,97.7,96.3,A,28.1,No,Yes,PhD,High,High,5.8,89.6,Good,Visual,Medium
316,80.8,79.8,81.8,71.2,71.8,73.1,76.4,C,13.9,Yes,No,High School,Medium,High,7.0,76.6,Excellent,Kinesthetic,High
317,67.1,69.2,72.8,64.7,73.1,74.6,70.2,C,7.4,Yes,Yes,Master's,Low,Low,8.3,88.8,Good,Kinesthetic,Medium
318,72.0,67.8,73.4,73.8,67.6,69.6,70.7,C,16.2,Yes,Yes,Bachelor's,Medium,High,5.3,84.9,Average,Visual,Low
319,70.3,73.9,59.5,70.6,68.8,73.9,69.5,D,18.2,No,No,Master's,Low,High,4.3,65.1,Average,Kinesthetic,Medium
320,94.7,100,100,100,100,98.5,98.9,A,27.1,Yes,No,High School,High,High,7.5,98.3,Average,Reading/Writing,Low
321,74.5,85.7,84.3,69.4,74.5,78.4,77.8,C,7.6,No,Yes,High School,Low,Medium,5.5,89.7,Average,Visual,High
322,67.8,78.4,83.9,66.4,84.0,82.9,77.2,C,23.6,No,Yes,None,Medium,Low,5.3,61.7,Good,Auditory,Medium
323,46.5,50.8,44.9,46.5,47.3,48.8,47.5,F,1.6,Yes,Yes,PhD,Medium,Medium,4.8,65.9,Excellent,Reading/Writing,Medium
324,77.8,85.4,85.8,81.6,80.2,91.0,83.6,B,15.2,Yes,No,None,High,High,8.1,79.2,Poor,Auditory,Medium
325,95.4,100,90.8,100,100,100,97.7,A,26.0,Yes,No,PhD,Low,Low,6.6,96.8,Average,Visual,Low
326,82.7,77.0,75.1,83.7,78.2,78.1,79.1,C,13.5,Yes,Yes,None,High,High,9.0,86.7,Excellent,Kinesthetic,High
327,62.6,62.7,54.8,72.6,65.7,71.9,65.1,D,14.1,Yes,Yes,High School,Medium,Medium,7.9,80.2,Excellent,Reading/Writing,Low
328,84.5,88.7,93.3,93.4,87.3,83.0,88.4,B,17.7,No,No,Bachelor's,Medium,Low,5.8,79.3,Excellent,Visual,Low
329,64.4,67.5,62.3,72.3,71.3,65.7,67.2,D,19.4,Yes,No,None,Low,Medium,8.1,60.6,Excellent,Auditory,Low
330,57.6,55.6,56.9,58.2,56.9,60.6,57.6,F,6.3,No,No,Master's,Medium,Medium,7.3,73.6,Average,Visual,High
331,77.8,67.3,63.8,75.9,67.3,63.6,69.3,D,12.2,No,Yes,Master's,High,High,7.4,73.1,Poor,Reading/Writing,High
332,75.5,72.8,63.7,74.3,69.1,64.6,70.0,C,8.9,No,No,Bachelor's,Low,High,7.9,98.7,Average,Visual,Low
333,94.5,85.8,89.0,91.0,88.4,91.8,90.1,A,23.6,No,Yes,Master's,Medium,Low,8.8,73.1,Excellent,Visual,High
334,75.1,72.3,70.1,66.7,61.3,72.5,69.7,D,8.4,No,Yes,PhD,High,Low,4.1,72.6,Good,Auditory,High
335,55.7,68.0,66.6,55.5,57.6,58.6,60.3,D,8.5,Yes,No,PhD,Low,Medium,7.8,64.5,Excellent,Reading/Writing,Low
336,66.2,74.0,78.1,79.1,77.5,62.8,73.0,C,22.7,No,No,None,Medium,High,4.9,63.1,Poor,Kinesthetic,Medium
337,51.8,61.5,51.6,48.0,54.1,51.2,53.0,F,3.0,Yes,Yes,High School,Medium,Low,7.0,79.9,Poor,Kinesthetic,Low
338,50.3,40.4,56.7,56.6,40.3,46.2,48.4,F,1.6,Yes,Yes,High School,High,Medium,7.1,67.5,Poor,Auditory,High
339,56.7,67.7,56.8,66.3,63.5,52.7,60.6,D,11.3,Yes,No,High School,Low,Medium,7.2,79.0,Good,Kinesthetic,Low
340,54.8,58.6,57.5,67.8,63.9,53.1,59.3,F,13.0,No,No,Bachelor's,Low,Medium,8.5,64.3,Poor,Visual,Medium
341,67.8,59.5,67.6,60.0,64.7,68.7,64.7,D,4.5,No,No,Bachelor's,High,Medium,5.5,88.0,Good,Kinesthetic,Medium
342,80.3,81.8,92.4,88.0,86.8,81.8,85.2,B,29.1,Yes,Yes,None,Low,High,6.6,70.7,Good,Visual,High
343,93.1,98.7,95.0,90.6,96.3,100,95.6,A,23.8,No,No,PhD,High,High,9.0,80.6,Average,Auditory,Low
344,85.0,90.4,89.6,83.1,89.5,91.3,88.1,B,21.5,No,Yes,Bachelor's,High,Medium,5.5,92.7,Average,Reading/Writing,High
345,65.8,67.5,69.7,72.1,64.4,73.2,68.8,D,3.0,No,No,Bachelor's,Medium,High,6.7,96.0,Poor,Visual,High
346,82.3,71.4,77.5,80.6,78.5,73.2,77.2,C,20.5,No,No,None,Medium,Low,7.7,86.7,Average,Visual,Low
347,72.1,82.0,81.0,71.9,70.9,83.6,76.9,C,19.0,Yes,Yes,None,Low,Medium,7.6,65.7,Poor,Visual,High
348,69.6,72.1,72.2,67.0,68.6,70.8,70.0,C,16.7,No,No,PhD,High,Medium,7.0,88.1,Excellent,Auditory,Low
349,79.2,92.3,87.0,91.3,76.1,87.5,85.6,B,14.7,No,No,Master's,High,Low,8.8,97.8,Average,Auditory,Medium
350,85.6,85.1,74.0,72.3,68.3,81.2,77.8,C,13.6,No,Yes,PhD,Medium,High,4.1,75.9,Poor,Kinesthetic,High
351,72.5,69.9,79.3,73.6,67.6,72.1,72.5,C,14.8,No,No,Bachelor's,Low,High,8.3,94.3,Average,Auditory,Low
352,51.5,56.8,56.2,59.1,54.9,49.1,54.6,F,3.1,No,No,None,Low,Medium,6.8,66.0,Excellent,Visual,Medium
353,77.4,86.3,76.0,73.5,74.9,86.6,79.1,C,21.4,No,Yes,Master's,Low,High,7.8,89.7,Excellent,Auditory,High
354,56.8,57.3,53.7,55.0,51.0,48.6,53.7,F,1.6,Yes,No,Bachelor's,High,Medium,8.2,76.4,Excellent,Visual,Low
355,72.7,64.0,67.0,64.8,71.1,60.2,66.6,D,3.1,No,Yes,None,High,Low,6.0,91.4,Average,Auditory,Low
356,100,96.5,94.3,96.2,93.1,91.4,95.2,A,29.0,No,No,Master's,High,High,6.1,100.0,Good,Visual,Medium
357,85.1,87.7,96.5,96.6,80.2,78.1,87.4,B,22.3,Yes,No,PhD,Medium,High,6.1,81.6,Good,Kinesthetic,Medium
358,59.1,57.9,57.0,51.8,53.9,51.8,55.2,F,12.1,Yes,No,Bachelor's,Low,Low,5.5,67.7,Good,Kinesthetic,Low
359,79.9,79.2,83.0,80.1,81.8,82.5,81.1,B,16.5,No,No,Master's,Medium,High,6.5,93.4,Good,Auditory,High
360,73.0,82.0,73.0,64.6,68.9,70.4,72.0,C,17.4,Yes,Yes,PhD,High,Low,6.5,72.5,Good,Auditory,Low
361,54.8,60.2,58.6,50.2,47.8,48.1,53.3,F,9.0,Yes,No,High School,Low,Medium,4.8,74.2,Good,Auditory,Low
362,100,94.1,100,100,100,100,99.0,A,21.4,Yes,No,Bachelor's,Low,Low,5.9,98.8,Excellent,Auditory,Medium
363,72.4,73.0,72.5,66.8,61.6,65.1,68.6,D,10.1,Yes,Yes,High School,Medium,Medium,4.4,78.4,Poor,Reading/Writing,High
364,50.2,51.1,42.8,45.3,50.4,48.2,48.0,F,2.4,Yes,No,Master's,High,Low,6.2,73.0,Good,Auditory,High
365,75.5,87.0,75.8,78.5,74.1,78.4,78.2,C,11.0,Yes,No,Master's,High,High,6.7,87.5,Excellent,Auditory,Low
366,46.6,41.8,40.6,42.9,36.7,32.6,40.2,F,4.8,Yes,No,PhD,Low,High,7.5,60.6,Excellent,Visual,Low
367,55.8,60.4,57.7,66.6,65.3,54.1,60.0,D,10.1,No,Yes,High School,High,Medium,8.5,72.2,Average,Kinesthetic,Low
368,61.1,59.4,61.3,66.9,58.3,69.2,62.7,D,18.9,No,No,Bachelor's,High,Medium,5.5,61.9,Good,Visual,High
369,95.3,86.2,96.6,81.3,96.4,82.6,89.7,B,25.1,No,Yes,None,Medium,Medium,5.8,85.2,Poor,Kinesthetic,Low
370,97.2,88.9,82.0,91.8,86.8,84.2,88.5,B,18.7,Yes,No,High School,High,Low,6.3,89.4,Poor,Visual,Low
371,70.1,69.7,76.6,77.5,79.4,80.8,75.7,C,9.5,Yes,No,Master's,Medium,Medium,5.4,95.2,Poor,Auditory,High
372,51.7,51.5,60.4,56.5,53.3,66.3,56.6,F,10.6,Yes,No,PhD,Low,Low,4.1,63.2,Poor,Reading/Writing,High
373,90.4,94.2,100,97.7,90.1,89.0,93.6,A,29.4,Yes,Yes,None,High,High,4.0,81.6,Average,Visual,Medium
374,72.5,67.7,69.2,82.2,76.7,65.7,72.3,C,3.8,No,Yes,Master's,High,Medium,7.0,92.3,Average,Reading/Writing,High
375,69.9,72.8,66.9,63.8,62.0,72.1,67.9,D,23.3,Yes,Yes,High School,Low,High,8.7,61.0,Poor,Auditory,Medium
376,89.5,100,99.6,93.3,99.4,94.7,96.1,A,26.4,Yes,No,Master's,High,Medium,8.2,97.3,Poor,Kinesthetic,Medium
377,79.3,86.6,79.6,94.2,75.4,86.0,83.5,B,26.8,Yes,Yes,Master's,High,Medium,5.3,82.5,Poor,Kinesthetic,Medium
378,95.9,95.6,97.0,90.7,88.6,81.9,91.6,A,27.5,No,No,Bachelor's,Medium,High,5.0,61.3,Good,Kinesthetic,High
379,43.2,48.7,55.4,48.9,49.8,58.1,50.7,F,4.3,Yes,No,Bachelor's,Medium,Low,7.0,77.6,Excellent,Reading/Writing,Medium
380,75.0,68.3,72.9,69.4,73.9,66.8,71.0,C,9.4,Yes,No,None,High,Medium,5.2,89.7,Average,Auditory,High
381,100,100,87.9,100,98.8,100,97.8,A,16.6,Yes,Yes,Master's,High,High,8.9,95.9,Excellent,Reading/Writing,Low
382,55.6,51.8,56.1,60.6,54.6,44.5,53.9,F,1.8,Yes,No,None,High,Medium,6.2,66.1,Excellent,Auditory,Low
383,71.5,75.5,76.4,62.7,69.4,75.1,71.8,C,16.4,No,No,Master's,Medium,Medium,8.7,77.1,Good,Visual,Low
384,77.1,78.1,89.9,77.9,91.1,91.5,84.3,B,20.3,No,No,High School,Low,High,5.5,83.7,Good,Auditory,Low
385,70.0,62.4,70.9,58.4,67.7,68.4,66.3,D,4.3,Yes,Yes,Bachelor's,High,Low,5.5,97.8,Average,Auditory,Medium
386,55.9,55.4,61.7,62.5,53.4,45.8,55.8,F,1.2,Yes,Yes,High School,Low,Medium,7.4,89.3,Average,Reading/Writing,High
387,57.7,58.7,52.5,70.2,54.1,57.0,58.4,F,10.9,No,Yes,None,Low,High,6.5,81.0,Poor,Kinesthetic,Medium
388,66.7,67.1,68.7,69.6,58.2,59.5,65.0,D,1.4,No,Yes,Master's,Medium,Medium,6.6,98.9,Excellent,Reading/Writing,Medium
389,80.6,82.9,69.8,80.5,86.9,80.5,80.2,B,8.4,Yes,No,PhD,High,High,7.0,98.0,Excellent,Reading/Writing,High
390,93.2,96.2,82.7,92.6,93.7,96.1,92.4,A,17.3,No,No,Bachelor's,Low,Low,4.9,95.1,Good,Auditory,Low
391,56.5,64.5,61.2,61.1,58.9,71.8,62.3,D,13.7,Yes,No,High School,Medium,High,5.4,65.0,Poor,Visual,High
392,47.7,41.4,44.3,52.0,40.1,54.3,46.6,F,1.5,No,Yes,High School,Medium,High,5.0,64.1,Average,Reading/Writing,High
393,66.8,66.8,50.1,54.7,58.9,49.7,57.8,F,2.8,Yes,Yes,High School,Medium,High,7.0,78.9,Good,Auditory,Medium
394,74.8,76.4,73.4,85.6,78.3,79.2,78.0,C,23.1,No,No,Bachelor's,Medium,Medium,6.7,70.9,Poor,Auditory,Medium
395,64.5,77.0,72.9,74.3,68.4,77.9,72.5,C,7.8,Yes,Yes,High School,High,Medium,7.9,96.8,Poor,Auditory,Medium
396,68.1,67.0,71.3,67.1,73.0,56.4,67.1,D,5.1,No,Yes,High School,High,Low,4.4,96.4,Poor,Auditory,Low
397,74.0,77.3,74.7,79.0,72.5,70.1,74.6,C,19.9,Yes,Yes,Master's,High,Low,5.5,69.8,Good,Visual,Low
398,89.0,91.4,90.7,83.8,93.8,95.9,90.8,A,22.3,Yes,No,High School,Low,Medium,5.6,96.9,Excellent,Auditory,Low
399,45.5,45.1,43.3,43.8,50.9,57.1,47.6,F,3.2,Yes,Yes,PhD,High,High,6.8,69.9,Excellent,Visual,Low
400,83.4,82.3,84.6,73.9,85.4,87.1,82.8,B,18.0,Yes,Yes,High School,Low,Low,8.9,82.8,Excellent,Kinesthetic,Medium
401,87.8,78.3,83.3,86.2,90.4,87.5,85.6,B,19.2,No,Yes,High School,Low,High,6.2,83.1,Excellent,Reading/Writing,Medium
402,80.1,83.2,72.7,79.9,84.4,83.1,80.6,B,27.2,Yes,No,Bachelor's,Medium,Low,8.9,72.8,Excellent,Visual,Medium
403,56.4,59.3,67.8,56.2,70.5,70.9,63.5,D,1.2,No,No,Master's,High,High,7.8,92.2,Good,Auditory,High
404,58.8,63.6,71.6,64.0,59.7,74.1,65.3,D,16.2,Yes,Yes,Bachelor's,Medium,Low,7.1,66.7,Good,Visual,High
405,78.6,82.5,91.0,86.8,77.1,80.1,82.7,B,28.0,No,No,PhD,Low,High,7.6,62.7,Poor,Kinesthetic,Medium
406,88.3,90.9,82.6,87.7,89.6,95.0,89.0,B,28.4,No,Yes,Master's,Low,High,6.9,81.0,Good,Kinesthetic,Medium
407,68.8,72.7,84.1,74.5,81.4,72.7,75.7,C,14.2,No,No,None,High,High,5.9,93.7,Excellent,Kinesthetic,Medium
408,69.9,57.7,66.1,64.6,55.8,58.4,62.1,D,1.1,No,Yes,Bachelor's,High,Medium,6.4,82.3,Average,Auditory,High
409,69.1,62.8,61.6,71.6,63.3,68.9,66.2,D,13.0,Yes,No,Master's,Low,Medium,6.3,70.8,Good,Auditory,Medium
410,97.3,100,97.0,93.5,100,88.9,96.1,A,22.2,Yes,Yes,PhD,Medium,Low,8.7,99.8,Good,Kinesthetic,High
411,73.7,74.3,78.7,72.3,75.9,76.8,75.3,C,26.3,Yes,No,Master's,Low,Medium,6.8,71.9,Poor,Visual,Low
412,75.6,88.2,87.5,83.3,90.5,84.8,85.0,B,9.2,Yes,No,Master's,Low,Low,5.8,89.2,Average,Auditory,Low
413,75.2,80.5,87.7,77.4,78.6,77.4,79.5,C,14.5,No,No,PhD,Low,Medium,8.5,88.9,Good,Auditory,Medium
414,57.0,48.9,52.7,56.6,56.1,57.0,54.7,F,6.2,Yes,No,Master's,Medium,Medium,5.4,79.5,Excellent,Kinesthetic,Low
415,81.1,78.9,77.7,81.7,83.4,81.8,80.8,B,22.6,No,Yes,PhD,Medium,Medium,8.5,70.3,Good,Reading/Writing,Medium
416,82.2,88.8,90.8,87.2,89.2,83.2,86.9,B,21.3,No,Yes,PhD,Medium,Medium,6.4,80.1,Excellent,Auditory,Medium
417,56.8,69.5,56.9,67.0,69.9,56.9,62.8,D,10.6,No,Yes,Master's,Low,Low,6.4,78.5,Poor,Reading/Writing,Medium
418,75.6,70.7,66.8,82.2,66.5,65.9,71.3,C,25.9,Yes,Yes,PhD,Medium,Medium,6.0,61.1,Average,Visual,Low
419,71.3,80.2,81.1,77.5,73.8,82.4,77.7,C,23.6,Yes,Yes,PhD,Medium,High,6.9,66.8,Poor,Auditory,High
420,70.9,79.7,79.1,82.5,78.1,73.8,77.4,C,2.0,Yes,No,PhD,Low,High,4.9,96.5,Good,Reading/Writing,Low
421,71.1,74.9,84.9,78.3,75.5,73.0,76.3,C,13.5,No,No,Bachelor's,Low,Medium,8.1,80.5,Excellent,Auditory,High
422,75.0,84.9,68.9,80.2,75.7,69.8,75.8,C,12.5,Yes,Yes,Bachelor's,Medium,Medium,5.1,83.9,Average,Visual,Medium
423,41.5,49.9,50.9,54.5,36.3,53.5,47.8,F,1.3,No,Yes,Master's,Low,High,8.4,67.9,Poor,Auditory,Medium
424,92.1,90.3,94.0,80.3,99.9,87.3,90.6,A,27.4,No,No,Bachelor's,Medium,Low,4.6,89.0,Average,Kinesthetic,Low
425,72.6,80.2,70.5,69.4,72.5,82.3,74.6,C,16.3,No,No,Bachelor's,Low,Medium,8.5,91.5,Average,Auditory,Medium
426,97.1,98.0,100,100,100,98.8,99.0,A,27.9,Yes,No,Bachelor's,High,Low,6.7,80.4,Poor,Reading/Writing,Low
427,75.2,64.4,72.3,65.5,77.8,80.2,72.6,C,17.3,Yes,Yes,Master's,Medium,High,7.6,80.2,Excellent,Auditory,Low
428,49.1,51.1,57.1,47.0,61.8,63.5,54.9,F,1.4,No,Yes,None,Low,High,7.8,97.7,Excellent,Kinesthetic,High
429,73.2,79.5,73.8,80.8,78.8,75.4,76.9,C,12.3,No,Yes,Bachelor's,Low,Low,4.3,91.0,Poor,Reading/Writing,Medium
430,70.7,75.4,84.3,81.3,67.3,67.3,74.4,C,14.7,Yes,Yes,None,Low,Low,8.8,88.5,Good,Auditory,Medium
431,61.6,59.8,56.5,71.5,60.3,58.8,61.4,D,13.3,Yes,No,High School,High,Low,8.4,69.2,Poor,Reading/Writing,Medium
432,50.7,49.2,55.0,61.5,64.1,48.9,54.9,F,6.0,No,Yes,PhD,Medium,Low,6.7,65.4,Good,Visual,Medium
433,61.7,58.6,51.9,60.5,71.3,60.4,60.7,D,6.8,No,Yes,Bachelor's,Medium,Medium,7.7,71.3,Good,Auditory,Medium
434,69.3,65.5,71.4,82.0,62.7,62.9,69.0,D,15.4,No,Yes,Bachelor's,Medium,Medium,8.8,81.5,Excellent,Reading/Writing,High
435,63.5,69.4,75.2,67.4,76.8,70.0,70.4,C,20.4,No,No,PhD,Medium,High,7.6,63.0,Excellent,Visual,Medium
436,50.6,51.8,51.5,63.0,64.6,66.2,57.9,F,2.7,Yes,Yes,None,Low,High,8.9,94.8,Good,Kinesthetic,High
437,59.0,59.4,53.5,52.9,62.4,59.3,57.8,F,3.4,Yes,Yes,None,Low,High,4.6,94.3,Poor,Visual,High
438,54.3,54.5,49.3,45.6,48.0,41.6,48.9,F,3.5,Yes,Yes,Master's,High,High,5.6,76.8,Poor,Auditory,Medium
439,82.4,82.5,89.9,79.2,93.1,83.8,85.2,B,28.7,Yes,No,Bachelor's,High,Medium,5.1,73.0,Good,Visual,Low
440,89.1,87.8,76.7,86.6,72.2,86.7,83.2,B,15.9,Yes,No,Bachelor's,High,Medium,5.0,98.0,Good,Reading/Writing,Medium
441,65.0,64.8,63.4,67.4,54.2,63.9,63.1,D,9.7,Yes,No,None,Low,High,6.0,80.8,Excellent,Kinesthetic,Medium
442,98.6,100,100,96.3,98.0,100,98.8,A,22.7,Yes,Yes,PhD,Medium,High,5.0,80.7,Excellent,Kinesthetic,High
443,77.3,73.1,65.6,67.5,68.2,80.9,72.1,C,15.8,Yes,Yes,Master's,Medium,Low,4.7,78.9,Average,Reading/Writing,High
444,88.5,90.7,84.6,100,99.8,99.8,93.9,A,24.7,Yes,Yes,High School,High,Low,5.9,78.7,Excellent,Visual,Low
445,69.0,67.5,66.5,61.8,69.5,62.0,66.0,D,11.8,No,Yes,PhD,High,High,8.0,75.8,Poor,Reading/Writing,High
446,100,98.0,95.3,100,97.8,97.7,98.1,A,29.1,No,Yes,Master's,Medium,High,6.9,99.5,Excellent,Visual,Medium
447,100,99.0,99.4,100,100,95.6,99.0,A,28.6,Yes,Yes,Master's,Medium,High,7.9,80.1,Average,Reading/Writing,High
448,100,100,88.3,92.5,100,100,96.8,A,24.6,Yes,Yes,High School,Medium,High,8.7,81.7,Average,Reading/Writing,Medium
449,86.6,87.8,84.9,80.6,91.8,89.4,86.9,B,17.3,No,No,PhD,High,Medium,6.2,94.2,Good,Kinesthetic,Low
450,56.1,65.0,67.8,53.6,52.0,53.9,58.1,F,5.0,No,No,Bachelor's,Low,Medium,5.3,92.7,Poor,Visual,High
451,42.2,44.8,38.7,44.7,36.1,37.1,40.6,F,1.4,No,No,High School,High,High,4.3,68.7,Good,Reading/Writing,High
452,69.8,66.1,60.1,65.4,66.8,65.7,65.6,D,2.9,Yes,No,High School,Low,High,5.0,97.6,Excellent,Visual,Low
453,74.6,77.0,75.4,75.4,65.8,71.1,73.2,C,7.8,No,No,Master's,High,Medium,7.3,78.2,Good,Kinesthetic,Medium
454,79.1,66.5,68.4,72.0,63.6,65.5,69.2,D,10.1,No,Yes,Bachelor's,Medium,High,8.9,82.5,Good,Visual,Low
455,96.9,83.5,93.6,80.3,95.7,84.8,89.1,B,17.5,No,No,High School,Low,Medium,8.0,99.7,Average,Auditory,High
456,87.6,84.6,84.6,93.1,79.1,90.3,86.5,B,12.5,No,Yes,PhD,Low,Low,5.8,96.2,Good,Kinesthetic,Medium
457,57.8,55.1,70.0,59.0,65.1,56.2,60.5,D,10.8,Yes,No,High School,Medium,High,7.5,64.8,Good,Visual,High
458,82.4,82.9,90.1,93.1,88.0,92.2,88.1,B,21.4,Yes,No,Master's,High,Low,6.4,73.4,Poor,Auditory,Low
459,79.0,74.5,77.1,70.5,76.9,67.0,74.2,C,9.8,No,Yes,Bachelor's,Medium,Medium,5.1,89.6,Poor,Reading/Writing,High
460,89.9,95.0,91.5,94.4,95.3,81.7,91.3,A,24.4,Yes,No,Master's,Low,Medium,4.4,79.6,Good,Kinesthetic,High
461,63.5,72.7,59.7,57.2,59.5,67.1,63.3,D,12.3,Yes,Yes,High School,Low,High,8.8,83.3,Poor,Auditory,Medium
462,76.5,79.1,76.2,76.4,78.1,77.8,77.4,C,17.8,Yes,No,PhD,Medium,High,4.7,92.0,Excellent,Reading/Writing,Medium
463,58.0,64.6,65.8,55.5,56.5,70.5,61.8,D,5.5,Yes,Yes,PhD,Low,Medium,7.2,95.0,Poor,Visual,Medium
464,51.7,58.1,48.4,57.2,60.3,56.8,55.4,F,5.4,No,Yes,High School,High,Low,4.3,89.1,Poor,Visual,Low
465,42.8,39.9,38.5,49.1,51.3,53.6,45.9,F,2.5,No,Yes,Master's,High,Medium,8.4,71.7,Poor,Reading/Writing,Low
466,84.3,85.6,82.2,81.1,86.7,72.1,82.0,B,23.2,No,Yes,Master's,Low,High,4.5,70.6,Excellent,Auditory,Medium
467,70.9,77.9,72.9,83.0,84.2,79.8,78.1,C,21.0,No,No,High School,High,Low,8.0,64.2,Average,Kinesthetic,Medium
468,41.3,46.5,51.8,55.5,41.3,43.4,46.6,F,2.7,Yes,Yes,PhD,High,Low,7.3,66.2,Good,Auditory,Low
469,85.0,77.3,78.4,93.4,81.7,87.6,83.9,B,9.8,No,No,Master's,High,High,8.8,96.5,Excellent,Visual,Low
470,75.8,86.0,73.8,76.0,81.6,91.0,80.7,B,22.8,Yes,Yes,None,Medium,High,8.6,77.6,Excellent,Auditory,High
471,79.1,77.4,77.8,70.8,84.2,67.2,76.1,C,15.7,Yes,Yes,PhD,High,High,6.5,62.0,Good,Visual,Medium
472,70.6,75.2,68.1,66.8,76.0,60.5,69.5,D,10.2,No,Yes,High School,Medium,High,7.6,74.9,Excellent,Visual,Medium
473,61.1,55.4,53.5,47.5,57.1,62.6,56.2,F,1.0,No,No,PhD,Medium,Low,8.5,82.2,Average,Auditory,Medium
474,49.5,56.5,65.3,53.9,53.7,47.0,54.3,F,6.9,No,Yes,Bachelor's,Medium,Medium,5.1,68.4,Poor,Auditory,Low
475,100,96.0,100,91.3,95.3,100,97.1,A,22.4,Yes,Yes,PhD,Medium,Low,4.9,99.5,Average,Auditory,High
476,96.3,91.8,84.8,84.8,92.8,94.6,90.9,A,22.8,No,No,None,Low,Low,7.6,82.3,Good,Kinesthetic,Low
477,77.8,84.9,71.5,69.0,75.2,86.4,77.5,C,13.7,Yes,Yes,Master's,Low,High,4.7,96.5,Good,Kinesthetic,High
478,59.1,49.8,57.9,56.1,50.3,44.3,52.9,F,2.4,Yes,Yes,None,Medium,Low,7.8,60.0,Average,Auditory,Low
479,76.9,91.1,91.5,75.7,89.8,86.4,85.2,B,21.4,No,Yes,Master's,Low,High,4.8,89.6,Average,Kinesthetic,Low
480,69.6,67.6,65.9,71.2,69.2,61.2,67.5,D,19.4,Yes,No,None,Low,Medium,6.1,72.7,Excellent,Reading/Writing,High
481,94.4,100,100,88.4,96.8,100,96.6,A,24.4,Yes,Yes,Master's,Medium,Low,5.3,99.7,Excellent,Visual,Low
482,94.5,100,96.5,100,90.9,100,97.0,A,26.5,No,No,High School,Medium,Low,7.4,87.5,Excellent,Visual,Medium
483,54.3,53.8,45.0,50.0,48.0,43.4,49.1,F,1.4,No,Yes,Bachelor's,Low,High,6.8,74.0,Good,Visual,Low
484,63.3,72.6,72.6,62.6,58.4,61.8,65.2,D,9.1,No,No,None,Medium,Low,4.9,92.3,Average,Visual,High
485,63.7,65.3,69.6,67.9,65.6,59.2,65.2,D,5.4,No,Yes,PhD,High,Medium,4.9,98.7,Good,Visual,Low
486,86.4,84.6,75.6,90.9,76.1,86.9,83.4,B,14.7,Yes,Yes,PhD,High,Low,5.5,85.4,Poor,Reading/Writing,High
487,95.7,98.8,87.5,98.3,99.0,100,96.5,A,19.6,Yes,No,Master's,Medium,High,7.7,94.8,Excellent,Visual,Medium
488,69.5,66.7,61.3,79.1,68.3,78.0,70.5,C,6.9,No,No,None,Medium,Medium,7.9,99.0,Good,Kinesthetic,High
489,94.0,90.4,94.2,95.3,88.4,87.4,91.6,A,28.3,Yes,Yes,None,Medium,Low,5.4,79.1,Poor,Kinesthetic,High
490,78.9,73.7,65.9,68.9,68.2,68.2,70.6,C,5.5,Yes,No,PhD,High,High,6.0,96.9,Poor,Kinesthetic,High
491,57.4,60.3,64.3,60.3,64.3,65.9,62.1,D,10.9,No,No,PhD,High,Medium,8.5,82.1,Excellent,Visual,Medium
492,49.1,48.4,35.4,53.1,48.4,47.6,47.0,F,1.9,Yes,No,Bachelor's,High,High,4.8,63.0,Average,Auditory,High
493,99.4,92.2,100,88.8,87.4,99.9,94.6,A,28.0,Yes,No,PhD,Medium,Low,7.0,74.0,Poor,Visual,High
494,85.3,74.1,74.7,70.5,86.3,75.1,77.7,C,21.2,Yes,Yes,None,Medium,Medium,8.3,72.1,Average,Auditory,High
495,97.0,100,100,99.9,95.6,96.3,98.1,A,23.7,Yes,Yes,PhD,High,Low,5.1,90.8,Average,Reading/Writing,High
496,74.8,68.9,66.8,69.2,85.0,68.2,72.1,C,15.3,Yes,No,Bachelor's,Low,High,4.4,83.0,Excellent,Kinesthetic,High
497,49.9,58.3,53.8,44.6,62.6,62.0,55.2,F,7.3,Yes,Yes,PhD,Low,High,7.7,78.8,Excellent,Reading/Writing,Medium
498,80.2,81.4,74.5,78.8,75.0,70.3,76.7,C,15.6,Yes,Yes,Master's,High,High,5.1,94.7,Average,Kinesthetic,High
499,71.6,72.4,76.7,76.1,82.3,75.0,75.7,C,27.6,No,Yes,PhD,Low,Medium,5.5,69.4,Good,Auditory,High
500,100,100,96.0,96.1,100,100,98.7,A,23.4,No,No,Master's,Low,High,8.2,87.8,Poor,Auditory,Medium
501,69.8,76.9,79.5,71.5,65.5,83.1,74.4,C,10.9,No,No,High School,Medium,High,4.2,78.2,Excellent,Kinesthetic,Low
502,87.2,91.0,88.4,92.5,75.9,82.7,86.3,B,26.3,Yes,No,Master's,High,Low,7.9,64.2,Good,Reading/Writing,High
503,77.4,85.3,86.2,74.4,76.7,84.6,80.8,B,27.9,Yes,Yes,None,Medium,High,8.5,77.8,Good,Visual,Medium
504,63.4,58.9,70.7,68.1,69.1,64.6,65.8,D,11.5,Yes,Yes,Bachelor's,Medium,Medium,7.7,65.2,Average,Visual,Medium
505,56.8,55.5,66.3,71.4,58.6,55.1,60.6,D,3.0,No,No,Master's,Medium,Medium,5.1,79.1,Good,Auditory,Medium
506,42.3,35.8,46.5,44.2,33.8,45.2,41.3,F,6.5,No,Yes,PhD,Low,Medium,4.4,63.8,Excellent,Visual,Low
507,67.5,54.9,69.8,69.2,71.0,61.3,65.6,D,3.0,Yes,No,Bachelor's,High,Medium,5.8,81.4,Poor,Visual,High
508,65.8,60.4,66.2,57.7,58.6,54.8,60.6,D,12.6,Yes,No,Bachelor's,Medium,Low,6.9,72.3,Good,Visual,Medium
509,69.4,68.7,83.6,80.4,78.6,76.4,76.2,C,26.7,No,Yes,Bachelor's,Medium,High,7.8,64.1,Excellent,Kinesthetic,High
510,55.9,59.6,57.6,47.9,50.8,51.4,53.9,F,3.8,Yes,Yes,None,High,Low,4.0,79.4,Poor,Auditory,High
511,72.0,67.2,68.3,63.3,79.7,65.1,69.3,D,13.4,No,Yes,Master's,Medium,High,6.5,70.4,Poor,Reading/Writing,Medium
512,81.3,75.6,82.7,82.7,89.7,87.6,83.3,B,28.2,No,Yes,Bachelor's,Low,Low,4.3,71.7,Excellent,Visual,Medium
513,60.0,56.7,56.0,60.4,63.1,57.0,58.9,F,6.0,No,No,None,High,Medium,7.0,75.0,Poor,Auditory,High
514,69.1,75.1,64.1,68.7,66.5,80.7,70.7,C,16.1,Yes,No,None,High,Low,7.3,65.2,Good,Reading/Writing,High
515,77.7,72.0,63.4,65.3,76.1,64.1,69.8,D,15.1,No,No,High School,High,Low,5.4,78.1,Good,Auditory,Medium
516,43.6,50.6,50.5,43.3,58.6,55.2,50.3,F,7.0,No,No,High School,High,Medium,6.8,65.9,Good,Visual,Medium
517,63.1,63.5,61.7,63.8,68.4,74.8,65.9,D,9.9,Yes,No,High School,Low,Low,4.4,83.7,Good,Auditory,Low
518,82.0,79.7,74.6,86.4,78.4,84.4,80.9,B,18.8,No,Yes,Bachelor's,Medium,Low,8.8,81.8,Good,Visual,Low
519,84.2,75.6,88.2,77.8,80.1,85.5,81.9,B,12.6,Yes,No,Bachelor's,High,Low,6.1,96.7,Poor,Reading/Writing,High
520,84.5,91.4,90.1,80.5,90.9,90.2,87.9,B,16.1,Yes,Yes,High School,Medium,Medium,7.6,92.8,Good,Kinesthetic,Medium
521,60.1,63.6,55.4,50.6,67.6,61.0,59.7,F,8.2,No,Yes,PhD,Low,Medium,4.5,66.7,Good,Kinesthetic,Medium
522,94.9,100,90.8,94.0,99.4,95.2,95.7,A,29.0,No,Yes,Bachelor's,Medium,Medium,4.4,87.7,Poor,Reading/Writing,High
523,85.6,86.2,87.8,85.8,79.4,94.6,86.6,B,21.2,No,No,None,High,Low,8.4,93.7,Excellent,Visual,Low
524,71.5,86.5,79.1,86.5,82.2,89.0,82.5,B,28.1,No,No,High School,Medium,Low,8.9,71.2,Excellent,Visual,High
525,76.0,78.2,66.8,74.5,65.1,73.8,72.4,C,16.4,No,Yes,None,Medium,Low,6.0,62.7,Excellent,Visual,High
526,70.5,70.2,64.5,80.5,74.4,78.1,73.0,C,5.7,No,Yes,Bachelor's,Low,High,5.3,96.3,Good,Auditory,High
527,74.4,69.1,79.1,68.0,70.0,70.2,71.8,C,11.5,No,No,Master's,Medium,Low,5.3,76.3,Excellent,Reading/Writing,High
528,80.7,82.1,91.1,72.7,73.2,82.8,80.4,B,18.8,No,No,Master's,Medium,Medium,7.6,97.0,Good,Kinesthetic,Medium
529,68.6,64.5,65.9,70.9,80.5,62.3,68.8,D,14.2,No,Yes,PhD,Low,High,8.4,84.5,Average,Visual,Medium
530,68.9,79.7,65.0,63.9,75.5,75.0,71.3,C,8.3,No,Yes,High School,Medium,Low,6.4,83.8,Average,Kinesthetic,High
531,87.8,71.9,84.9,73.3,89.5,72.7,80.0,B,24.6,Yes,No,Bachelor's,Medium,Medium,6.5,67.8,Excellent,Auditory,Low
532,58.1,57.1,53.5,50.4,62.3,48.6,55.0,F,6.6,Yes,No,Bachelor's,High,Low,6.4,66.0,Good,Auditory,Low
533,87.6,89.3,92.1,90.5,84.0,89.8,88.9,B,25.0,No,No,Master's,Low,Low,5.3,93.8,Average,Reading/Writing,Medium
534,100,91.2,100,94.5,98.4,89.3,95.6,A,27.0,Yes,Yes,None,Medium,Low,6.2,79.1,Excellent,Auditory,High
535,62.1,59.3,60.4,65.5,68.7,53.2,61.5,D,10.8,No,No,Bachelor's,Medium,Low,7.8,67.8,Average,Visual,Low
536,85.8,74.6,73.6,78.0,80.6,71.5,77.4,C,9.0,No,Yes,PhD,High,Low,7.9,98.3,Average,Kinesthetic,High
537,61.9,60.4,65.6,60.0,61.8,60.2,61.6,D,18.4,Yes,Yes,Bachelor's,Medium,Medium,8.8,64.3,Average,Kinesthetic,Low
538,85.4,84.2,95.7,82.9,83.6,91.8,87.3,B,29.3,No,Yes,PhD,Medium,Medium,5.3,77.5,Poor,Reading/Writing,High
539,83.4,71.8,73.4,73.6,73.7,85.8,77.0,C,10.4,Yes,Yes,Bachelor's,Medium,Medium,7.6,87.1,Excellent,Kinesthetic,Medium
540,63.6,69.2,80.4,65.8,74.4,71.0,70.7,C,6.0,Yes,Yes,Bachelor's,Medium,Medium,7.2,98.7,Poor,Kinesthetic,High
541,45.6,55.3,56.3,47.6,43.9,58.9,51.3,F,1.3,No,No,Bachelor's,Medium,Low,5.7,66.9,Excellent,Reading/Writing,High
542,72.1,83.4,73.8,72.2,70.8,87.6,76.6,C,5.4,No,Yes,Bachelor's,High,Medium,5.2,99.4,Good,Kinesthetic,High
543,65.8,63.5,61.1,61.3,65.4,68.4,64.2,D,9.0,Yes,No,None,Low,Low,7.1,72.9,Excellent,Visual,Low
544,68.6,69.4,72.3,60.7,76.8,62.5,68.4,D,19.8,Yes,No,Master's,High,Low,4.7,72.6,Good,Auditory,Low
545,90.8,94.3,94.0,90.0,95.4,80.4,90.8,A,21.9,Yes,Yes,Master's,Medium,Low,5.4,78.0,Excellent,Reading/Writing,Low
546,95.4,86.4,87.2,84.0,100,84.6,89.6,B,29.5,Yes,Yes,None,Medium,High,4.2,61.5,Poor,Visual,High
547,65.1,71.1,67.5,65.9,61.3,61.8,65.5,D,11.8,Yes,No,None,Medium,High,8.3,64.9,Average,Kinesthetic,Medium
548,73.4,72.5,79.8,65.0,63.3,65.4,69.9,D,4.3,No,No,Bachelor's,Medium,Low,4.6,89.2,Average,Reading/Writing,High
549,79.5,91.2,91.5,84.9,87.5,87.2,87.0,B,20.8,Yes,No,High School,Low,High,5.0,80.1,Good,Reading/Writing,High
550,78.0,76.9,78.9,71.4,61.3,63.3,71.6,C,17.0,No,Yes,Master's,Low,Medium,6.9,66.3,Average,Kinesthetic,Low
551,73.1,63.2,59.4,73.6,72.3,62.5,67.4,D,8.1,No,No,None,High,Low,6.5,96.0,Average,Auditory,Medium
552,74.6,78.6,82.5,86.7,77.6,74.0,79.0,C,20.7,Yes,No,PhD,High,Low,5.6,88.0,Average,Visual,Medium
553,66.1,62.9,55.1,58.7,72.9,59.5,62.5,D,6.0,No,Yes,PhD,Medium,High,7.4,78.0,Average,Reading/Writing,Low
554,56.4,59.1,63.2,59.9,56.6,55.5,58.4,F,4.5,Yes,No,High School,Low,Low,8.1,92.2,Poor,Visual,High
555,36.1,43.6,47.2,50.3,51.4,51.0,46.6,F,6.1,No,Yes,PhD,High,Low,5.0,60.0,Excellent,Reading/Writing,High
556,90.7,82.6,87.0,91.1,77.6,76.4,84.2,B,21.4,No,Yes,Bachelor's,Medium,Medium,7.2,95.7,Poor,Reading/Writing,High
557,72.3,79.9,79.7,75.2,74.4,82.5,77.3,C,18.7,Yes,No,Bachelor's,Medium,Low,8.6,62.0,Good,Kinesthetic,High
558,69.4,71.4,79.8,70.6,73.5,65.9,71.8,C,18.1,Yes,Yes,None,High,Medium,8.9,77.2,Average,Auditory,Low
559,73.2,77.2,75.4,82.0,71.3,83.7,77.1,C,14.5,No,Yes,None,Low,High,8.7,91.8,Poor,Kinesthetic,High
560,55.4,50.7,55.6,51.2,57.2,48.9,53.2,F,8.8,No,No,PhD,Medium,Low,8.7,68.3,Good,Visual,High
561,80.9,86.7,92.6,81.2,74.4,78.3,82.4,B,24.4,Yes,Yes,Bachelor's,Medium,Medium,6.2,86.7,Poor,Kinesthetic,Low
562,100,100,100,94.6,93.9,95.7,97.4,A,28.9,Yes,Yes,None,Low,Low,8.2,94.5,Good,Visual,Low
563,39.3,38.7,43.6,52.0,49.0,45.2,44.6,F,3.2,Yes,Yes,PhD,High,Medium,6.4,73.5,Excellent,Reading/Writing,Medium
564,80.0,85.3,90.6,85.8,91.3,93.8,87.8,B,23.1,No,No,Master's,High,Medium,7.2,73.9,Excellent,Visual,Medium
565,56.9,52.4,67.9,68.2,67.6,65.0,63.0,D,11.8,No,No,High School,Medium,Medium,5.3,65.1,Good,Kinesthetic,Low
566,71.0,67.5,68.0,80.0,70.4,82.4,73.2,C,16.3,No,Yes,High School,High,Medium,6.5,69.8,Excellent,Auditory,High
567,75.6,64.8,80.7,80.8,79.3,78.0,76.5,C,4.6,Yes,No,PhD,Low,Low,7.5,91.9,Good,Kinesthetic,Low
568,55.2,46.9,42.7,57.7,45.7,55.3,50.6,F,1.3,Yes,No,Master's,Medium,Medium,5.6,73.5,Excellent,Reading/Writing,Low
569,48.9,44.6,53.4,45.0,50.6,52.1,49.1,F,2.0,No,Yes,Master's,High,Low,8.3,77.0,Poor,Visual,Low
570,82.9,75.3,79.4,78.5,74.3,91.7,80.4,B,25.3,No,No,Bachelor's,Low,Medium,6.0,70.4,Good,Auditory,Low
571,83.2,92.7,87.4,90.7,88.5,78.7,86.9,B,9.9,Yes,No,High School,Low,Low,6.1,98.3,Average,Reading/Writing,High
572,90.3,82.8,92.0,89.5,75.8,91.2,86.9,B,10.0,Yes,Yes,High School,High,Low,8.0,96.5,Average,Reading/Writing,Medium
573,38.0,36.5,43.4,35.8,43.1,51.9,41.4,F,2.6,No,Yes,None,High,Low,7.2,67.5,Poor,Visual,Low
574,90.8,89.4,93.2,87.4,83.1,83.0,87.8,B,14.5,No,Yes,PhD,High,High,8.3,96.8,Excellent,Auditory,Medium
575,66.3,58.0,57.3,71.5,64.8,70.1,64.7,D,7.9,Yes,Yes,Bachelor's,Medium,Low,6.6,74.2,Average,Visual,High
576,85.9,86.7,98.3,89.7,80.8,97.5,89.8,B,20.8,Yes,Yes,PhD,High,Medium,6.0,95.0,Average,Auditory,High
577,76.5,82.8,88.8,85.9,85.3,85.8,84.2,B,25.6,Yes,No,High School,Medium,Medium,6.1,75.4,Good,Kinesthetic,Medium
578,87.4,92.4,99.4,91.9,81.6,80.2,88.8,B,29.0,No,No,Bachelor's,Low,High,4.6,79.9,Excellent,Visual,High
579,49.3,44.7,46.2,44.5,53.4,55.4,48.9,F,1.1,Yes,Yes,Master's,High,High,5.0,61.4,Poor,Reading/Writing,Low
580,66.7,67.4,63.7,56.5,70.3,65.1,65.0,D,16.2,Yes,Yes,None,Medium,High,6.9,73.9,Good,Auditory,Medium
581,96.5,100,100,98.3,100,99.4,99.0,A,27.3,Yes,Yes,Master's,Low,Low,4.5,92.8,Excellent,Kinesthetic,Medium
582,58.7,66.2,61.5,51.4,53.9,61.2,58.8,F,5.6,Yes,Yes,Master's,Medium,Medium,6.1,64.5,Good,Auditory,Low
583,96.0,100,100,91.4,95.7,92.1,95.9,A,26.7,Yes,No,Bachelor's,Medium,High,9.0,97.8,Excellent,Auditory,High
584,91.5,100,100,92.7,89.1,100,95.5,A,27.8,No,No,Bachelor's,High,High,8.0,93.1,Poor,Kinesthetic,Low
585,79.2,80.9,86.1,80.6,87.6,86.1,83.4,B,17.5,No,No,Bachelor's,Medium,Low,8.4,93.6,Good,Auditory,High
586,60.7,60.6,50.0,63.5,45.9,62.2,57.1,F,12.1,No,No,High School,High,High,7.2,71.9,Excellent,Kinesthetic,High
587,58.6,73.8,71.6,61.0,64.3,71.3,66.8,D,18.2,Yes,Yes,High School,Low,High,6.3,63.9,Excellent,Auditory,High
588,68.5,75.8,82.1,68.7,78.7,75.0,74.8,C,15.0,Yes,Yes,PhD,Low,Low,7.3,66.5,Average,Reading/Writing,Medium
589,48.2,39.2,56.0,46.2,40.2,43.6,45.6,F,5.1,Yes,Yes,PhD,Low,High,8.5,69.0,Poor,Reading/Writing,Low
590,93.1,95.2,93.8,94.4,100,97.3,95.6,A,29.0,Yes,Yes,High School,Low,High,7.6,96.9,Poor,Reading/Writing,Low
591,55.4,50.8,63.1,50.0,60.1,60.5,56.6,F,7.5,No,No,None,High,Low,8.0,63.2,Good,Kinesthetic,Low
592,81.3,70.6,77.5,81.3,79.4,81.3,78.6,C,26.3,No,No,Master's,Low,High,5.2,63.6,Excellent,Auditory,High
593,69.9,80.6,76.2,71.4,74.3,83.3,76.0,C,12.0,Yes,Yes,Master's,Low,Medium,8.4,88.9,Good,Kinesthetic,Medium
594,89.1,90.8,83.7,91.1,97.5,89.5,90.3,A,19.5,Yes,No,Master's,Medium,Low,8.0,85.2,Average,Visual,Low
595,78.7,80.8,80.2,74.7,71.4,71.5,76.2,C,20.2,Yes,Yes,Bachelor's,Low,High,6.1,77.5,Poor,Reading/Writing,High
596,97.5,96.7,100,91.6,100,99.7,97.6,A,26.6,No,No,Bachelor's,High,Medium,8.6,92.3,Good,Reading/Writing,Medium
597,59.1,54.9,64.9,71.0,58.7,53.8,60.4,D,11.4,Yes,Yes,Master's,Medium,Low,5.0,75.5,Excellent,Visual,Low
598,67.0,75.9,68.7,75.6,71.0,59.1,69.6,D,10.8,No,No,PhD,Low,Medium,8.4,77.7,Excellent,Reading/Writing,High
599,80.8,81.2,92.2,95.2,80.3,81.8,85.2,B,11.7,Yes,Yes,PhD,Medium,Medium,6.1,99.5,Poor,Visual,Low
600,62.9,59.0,63.6,55.3,66.1,61.2,61.3,D,11.7,No,Yes,PhD,Low,Medium,6.6,73.1,Average,Visual,Medium
601,62.4,61.5,63.9,67.3,74.1,76.7,67.7,D,13.7,Yes,No,Bachelor's,Medium,Low,4.6,65.9,Good,Kinesthetic,High
602,81.8,87.7,83.8,80.0,82.0,79.0,82.4,B,22.9,No,No,Bachelor's,Low,Low,6.5,65.1,Poor,Visual,Low
603,70.0,82.4,83.6,74.5,70.7,66.4,74.6,C,24.8,No,No,High School,Medium,Medium,6.7,70.4,Poor,Auditory,Low
604,61.6,62.4,59.9,67.8,58.2,74.8,64.1,D,9.8,Yes,Yes,Master's,Medium,Low,4.6,78.9,Good,Reading/Writing,Low
605,39.5,51.1,50.8,36.1,39.8,36.1,42.2,F,2.3,No,No,High School,Low,Low,5.4,66.4,Average,Visual,Medium
606,84.3,82.9,98.3,91.1,89.5,93.8,90.0,A,21.4,No,Yes,None,High,Low,6.1,75.9,Good,Kinesthetic,Medium
607,85.6,94.6,97.3,89.3,99.2,99.7,94.3,A,17.5,No,Yes,Bachelor's,Low,High,8.0,91.9,Poor,Kinesthetic,Low
608,65.7,57.9,63.1,70.3,64.4,61.5,63.8,D,21.4,Yes,Yes,None,Medium,Low,6.9,61.9,Good,Kinesthetic,High
609,81.2,76.3,91.2,80.5,91.1,89.4,84.9,B,19.1,Yes,No,Master's,High,High,8.8,69.8,Good,Auditory,Low
610,73.1,78.3,87.0,88.0,78.7,72.8,79.6,C,14.8,No,Yes,None,Medium,Medium,4.0,78.6,Poor,Reading/Writing,Low
611,67.2,64.5,67.0,77.9,65.6,59.7,67.0,D,22.4,No,Yes,Master's,Medium,Low,6.0,60.8,Excellent,Reading/Writing,Low
612,81.5,76.0,73.2,80.8,71.2,84.5,77.9,C,10.4,No,No,PhD,High,High,4.9,98.3,Good,Visual,Medium
613,65.9,52.3,62.7,51.7,56.8,52.1,56.9,F,13.6,No,Yes,PhD,High,Low,4.2,61.3,Excellent,Reading/Writing,High
614,100,99.0,97.8,88.9,94.0,89.8,94.9,A,20.9,Yes,No,None,Medium,Medium,6.2,97.8,Good,Visual,Low
615,67.9,76.4,65.6,78.0,71.2,69.2,71.4,C,6.8,Yes,No,Bachelor's,Low,Medium,5.3,85.4,Excellent,Kinesthetic,Low
616,62.1,63.1,66.5,54.4,53.5,54.6,59.0,F,6.7,Yes,Yes,High School,Low,Low,4.2,83.0,Average,Visual,High
617,91.5,87.9,95.7,96.7,94.1,96.7,93.8,A,29.4,Yes,Yes,High School,High,Low,7.4,72.4,Good,Kinesthetic,Low
618,65.6,73.5,71.3,63.1,73.9,62.1,68.2,D,11.6,No,Yes,Bachelor's,Low,High,6.5,90.0,Good,Visual,High
619,73.5,73.5,65.6,59.2,72.2,69.5,68.9,D,16.9,No,No,High School,Medium,Low,4.1,60.1,Good,Visual,High
620,44.3,43.2,37.4,35.7,42.9,43.8,41.2,F,4.5,Yes,Yes,None,Medium,Medium,8.0,61.3,Excellent,Auditory,High
621,94.3,78.7,88.7,95.9,91.0,91.2,90.0,A,16.2,No,Yes,High School,Low,High,8.6,92.9,Excellent,Auditory,Low
622,58.1,65.2,71.3,73.0,65.2,53.7,64.4,D,10.2,Yes,Yes,PhD,Low,High,6.0,84.1,Excellent,Visual,Low
623,90.1,84.5,82.0,87.5,93.1,80.4,86.3,B,19.4,Yes,No,Bachelor's,Low,Low,7.5,99.8,Good,Kinesthetic,Medium
624,64.9,52.1,62.9,53.8,54.5,63.4,58.6,F,11.0,No,No,Master's,High,High,8.4,63.8,Average,Visual,Low
625,69.3,73.4,77.1,61.3,72.3,64.8,69.7,D,7.0,Yes,Yes,None,Medium,Low,4.1,82.8,Excellent,Auditory,Low
626,94.4,100,100,99.7,100,98.1,98.7,A,29.5,No,No,High School,Medium,Medium,8.5,99.5,Average,Kinesthetic,High
627,95.2,97.7,89.4,98.5,87.1,86.9,92.5,A,17.2,No,No,Master's,Medium,High,8.6,98.5,Excellent,Reading/Writing,High
628,38.5,33.7,31.6,43.9,46.5,47.5,40.3,F,1.7,No,No,Master's,Medium,Low,6.1,65.7,Poor,Kinesthetic,Medium
629,73.1,71.7,71.2,82.8,83.5,84.9,77.9,C,29.8,Yes,No,PhD,Low,Low,5.0,64.0,Poor,Reading/Writing,Medium
630,77.3,80.5,74.0,70.2,84.6,73.1,76.6,C,22.5,No,Yes,None,Medium,High,7.9,76.4,Excellent,Kinesthetic,High
631,80.1,78.2,89.9,80.8,85.6,74.3,81.5,B,14.4,Yes,Yes,None,Medium,Low,7.5,99.4,Average,Visual,Medium
632,99.2,99.1,100,100,100,97.3,99.3,A,24.1,Yes,No,Master's,High,Low,8.0,94.2,Excellent,Auditory,Low
633,64.6,53.9,63.0,61.2,52.3,48.8,57.3,F,8.5,No,Yes,Master's,Low,High,5.0,81.8,Good,Auditory,Low
634,79.5,74.8,76.8,78.4,76.3,80.5,77.7,C,11.3,No,No,High School,High,High,7.4,88.3,Poor,Auditory,Low
635,62.4,75.5,68.7,67.1,60.3,68.3,67.1,D,14.0,No,No,High School,Low,Low,5.7,87.7,Excellent,Kinesthetic,Low
636,77.5,73.5,64.3,75.3,82.8,75.1,74.8,C,19.6,No,Yes,Master's,High,High,8.1,73.6,Excellent,Auditory,Medium
637,84.8,80.8,80.0,68.6,79.7,78.3,78.7,C,11.9,No,No,PhD,Low,Medium,8.6,97.9,Good,Kinesthetic,Medium
638,59.0,64.8,62.4,61.7,52.3,63.1,60.6,D,2.0,Yes,Yes,None,Medium,Medium,6.8,78.0,Average,Auditory,High
639,61.3,62.2,68.6,61.3,58.9,59.5,62.0,D,6.8,Yes,Yes,Master's,Medium,Medium,5.1,77.4,Excellent,Visual,High
640,93.1,81.5,86.8,87.5,88.8,95.1,88.8,B,10.8,Yes,No,None,Medium,High,5.1,99.6,Poor,Kinesthetic,High
641,63.6,69.8,76.8,69.1,78.1,66.5,70.6,C,11.4,No,No,None,Medium,High,6.8,63.4,Poor,Reading/Writing,Low
642,100,92.4,100,100,100,100,98.7,A,29.0,No,No,Master's,Medium,High,6.7,98.2,Poor,Auditory,High
643,93.7,95.2,93.2,100,90.4,99.9,95.4,A,24.0,Yes,Yes,Master's,High,High,7.3,99.7,Excellent,Auditory,Low
644,73.5,66.7,71.1,80.5,82.4,76.8,75.2,C,15.9,No,No,PhD,Low,Low,5.1,77.3,Poor,Auditory,Low
645,62.0,60.1,57.1,65.2,60.3,53.7,59.7,F,11.0,Yes,No,Master's,Low,High,4.1,62.7,Excellent,Auditory,High
646,96.5,100,100,100,100,99.8,99.4,A,26.1,No,Yes,None,Medium,High,7.6,89.7,Average,Auditory,Medium
647,74.5,61.2,70.6,66.8,68.8,58.5,66.7,D,18.8,Yes,No,High School,Medium,High,6.7,70.3,Excellent,Visual,Medium
648,35.2,40.2,46.8,49.9,38.9,36.9,41.3,F,4.8,No,Yes,Master's,Low,Medium,8.3,61.7,Good,Visual,Medium
649,55.3,68.6,59.6,63.7,58.4,66.1,61.9,D,11.6,Yes,Yes,PhD,High,High,5.8,74.9,Poor,Kinesthetic,High
650,83.5,76.9,84.0,91.9,80.5,82.7,83.2,B,18.7,No,Yes,Master's,Low,Medium,4.7,97.7,Excellent,Kinesthetic,Medium
651,66.6,62.1,72.9,63.9,73.7,68.3,67.9,D,14.1,No,Yes,Bachelor's,High,Low,7.5,70.2,Poor,Reading/Writing,Medium
652,83.4,87.9,90.6,80.3,83.4,95.2,86.8,B,26.8,Yes,No,High School,Low,Low,8.2,73.8,Good,Kinesthetic,High
653,75.7,83.6,71.8,84.9,68.2,82.0,77.7,C,20.5,Yes,Yes,High School,Medium,Medium,8.1,80.8,Good,Visual,High
654,100,97.0,94.3,93.6,89.4,100,95.7,A,22.1,Yes,Yes,High School,Medium,Medium,5.2,98.7,Excellent,Kinesthetic,Medium
655,79.8,75.9,80.1,92.0,73.9,81.0,80.4,B,25.6,No,Yes,Bachelor's,High,Low,8.8,67.5,Good,Reading/Writing,Low
656,86.1,92.1,81.7,95.1,82.0,94.1,88.5,B,17.2,Yes,No,None,High,Medium,6.9,96.5,Good,Visual,Low
657,73.8,82.5,69.9,80.8,87.8,85.5,80.0,B,12.4,No,Yes,Master's,High,Medium,8.1,83.7,Average,Kinesthetic,Medium
658,54.2,58.2,63.3,61.5,67.1,54.4,59.8,F,9.4,Yes,No,Bachelor's,Medium,High,6.0,75.7,Poor,Visual,High
659,80.0,80.8,83.3,77.8,73.9,78.8,79.1,C,21.3,No,Yes,PhD,Low,Low,8.1,84.3,Excellent,Auditory,Medium
660,72.8,72.3,76.8,79.6,86.4,79.9,78.0,C,14.0,Yes,Yes,High School,Low,Low,4.7,79.5,Average,Reading/Writing,High
661,75.5,76.4,63.7,76.9,73.4,59.4,70.9,C,9.6,Yes,Yes,High School,Low,High,6.4,75.3,Good,Visual,High
662,63.2,49.1,54.2,63.9,46.9,60.4,56.3,F,7.0,Yes,No,Master's,Low,High,9.0,83.1,Good,Visual,Low
663,100,100,99.3,92.2,100,94.2,97.6,A,26.3,Yes,Yes,PhD,Medium,High,5.9,88.4,Good,Auditory,High
664,91.4,91.1,84.2,85.9,79.2,96.1,88.0,B,29.7,Yes,No,PhD,Medium,Low,7.8,79.8,Excellent,Auditory,Low
665,65.8,72.3,65.4,78.9,73.7,63.8,70.0,C,11.4,No,No,None,High,Medium,6.6,74.8,Good,Reading/Writing,High
666,86.6,86.7,75.9,78.4,80.0,79.6,81.2,B,19.0,No,No,Bachelor's,High,High,5.5,73.4,Average,Visual,High
667,69.3,69.8,65.2,68.6,65.2,64.2,67.0,D,10.7,Yes,No,High School,High,Medium,7.7,65.9,Poor,Kinesthetic,High
668,51.7,51.2,40.7,46.5,41.9,59.6,48.6,F,3.2,No,No,PhD,Medium,High,6.3,63.9,Excellent,Visual,Medium
669,87.1,89.5,100,86.8,89.7,100,92.2,A,25.3,Yes,Yes,Master's,Medium,High,5.3,96.9,Average,Reading/Writing,Low
670,99.0,100,92.8,91.8,100,91.6,95.9,A,23.8,No,Yes,High School,High,High,8.8,89.7,Excellent,Visual,Low
671,45.5,53.0,54.1,51.3,53.1,51.1,51.4,F,3.7,Yes,No,Bachelor's,High,Medium,5.1,67.8,Good,Auditory,High
672,86.4,93.0,83.7,86.6,79.7,81.1,85.1,B,26.4,No,Yes,PhD,Low,Low,6.2,73.6,Excellent,Reading/Writing,High
673,63.2,57.3,60.5,61.9,64.7,55.7,60.6,D,9.0,Yes,Yes,Bachelor's,Medium,High,4.3,70.4,Good,Kinesthetic,Medium
674,91.1,98.2,100,94.9,94.2,89.1,94.6,A,26.8,No,No,None,High,Medium,4.6,95.7,Poor,Reading/Writing,Medium
675,74.7,69.6,79.1,80.3,80.5,67.1,75.2,C,19.9,Yes,Yes,Bachelor's,High,Medium,7.6,60.7,Excellent,Visual,High
676,68.3,83.3,75.2,68.8,83.7,85.0,77.4,C,9.1,Yes,No,None,Medium,Low,5.2,86.8,Excellent,Auditory,Low
677,78.4,73.4,90.6,91.1,73.7,76.6,80.6,B,26.3,Yes,Yes,PhD,Low,Medium,8.6,66.2,Excellent,Reading/Writing,Low
678,90.5,87.7,90.8,89.3,76.5,90.9,87.6,B,19.2,Yes,No,PhD,Low,Medium,5.4,86.2,Excellent,Reading/Writing,Low
679,77.2,72.5,86.3,87.4,80.3,85.3,81.5,B,25.1,Yes,Yes,None,High,Medium,5.6,63.1,Average,Kinesthetic,Low
680,70.1,74.3,76.9,66.3,63.3,69.6,70.1,C,7.2,No,Yes,Master's,Medium,Low,8.7,72.6,Good,Kinesthetic,High
681,77.8,78.1,74.4,70.3,84.0,80.3,77.5,C,22.8,No,Yes,None,High,High,7.8,74.2,Average,Reading/Writing,Medium
682,62.6,62.2,73.1,57.9,69.3,60.8,64.3,D,17.4,Yes,Yes,None,High,Low,5.3,70.7,Excellent,Reading/Writing,High
683,62.5,70.2,78.0,62.4,63.4,62.3,66.5,D,7.2,No,No,High School,High,Medium,4.5,83.3,Good,Kinesthetic,Medium
684,69.3,55.8,63.7,65.2,62.7,69.4,64.4,D,5.8,Yes,Yes,None,High,Low,6.1,69.8,Average,Auditory,Medium
685,97.3,98.2,98.6,100,100,96.6,98.5,A,20.1,No,No,None,Low,Low,8.0,89.0,Excellent,Reading/Writing,Medium
686,97.2,100,99.5,89.9,97.3,97.9,97.0,A,20.7,Yes,Yes,PhD,High,High,5.3,97.9,Poor,Kinesthetic,High
687,89.1,85.0,97.2,84.2,97.1,94.5,91.2,A,18.5,No,No,Master's,Medium,Medium,5.4,85.4,Good,Kinesthetic,Medium
688,90.4,82.5,88.7,98.9,97.4,92.0,91.6,A,29.9,No,No,Master's,Medium,Medium,7.7,68.1,Average,Visual,High
689,85.1,86.9,76.5,94.1,76.4,83.4,83.7,B,29.7,Yes,Yes,Master's,High,Medium,5.5,70.9,Average,Kinesthetic,Medium
690,83.8,84.0,98.5,93.4,95.1,80.8,89.3,B,27.7,Yes,No,Master's,Low,Medium,8.8,83.8,Poor,Auditory,Low
691,88.5,87.8,95.2,84.1,96.5,97.7,91.6,A,15.1,Yes,No,None,Medium,Low,7.2,89.4,Average,Auditory,Medium
692,61.3,75.6,75.2,78.4,78.8,68.8,73.0,C,19.9,No,No,Bachelor's,Medium,Low,4.6,70.5,Excellent,Visual,Low
693,87.0,84.5,85.4,85.6,81.5,79.4,83.9,B,24.2,No,Yes,PhD,Low,Medium,6.0,92.7,Average,Reading/Writing,Medium
694,100,95.2,100,100,94.1,100,98.2,A,26.5,No,No,Bachelor's,Medium,Low,6.2,89.5,Poor,Visual,Medium
695,54.2,55.9,53.5,42.3,50.8,57.0,52.3,F,1.3,Yes,No,Master's,High,Medium,8.1,82.7,Good,Kinesthetic,High
696,66.9,62.6,59.6,68.8,59.9,65.0,63.8,D,17.6,No,Yes,High School,Low,Low,5.7,68.1,Poor,Reading/Writing,High
697,67.2,59.3,60.8,55.3,58.9,70.3,62.0,D,8.8,Yes,Yes,Master's,Medium,Medium,5.3,87.5,Poor,Reading/Writing,High
698,95.8,100,90.4,100,92.2,100,96.4,A,29.2,No,No,Master's,Medium,Medium,5.2,97.6,Average,Visual,Low
699,70.3,75.7,68.5,78.8,59.6,62.0,69.2,D,13.8,Yes,Yes,Bachelor's,Low,Medium,4.7,84.6,Good,Auditory,High
700,69.8,71.4,74.0,64.7,69.3,73.5,70.5,C,8.6,Yes,No,Bachelor's,Low,High,7.9,88.6,Good,Auditory,Low
701,66.8,57.6,67.4,52.9,69.7,69.0,63.9,D,14.8,Yes,Yes,PhD,Medium,High,7.5,61.0,Good,Auditory,High
702,67.0,61.3,74.9,72.0,62.6,75.7,68.9,D,2.8,No,Yes,Master's,Medium,High,8.0,82.0,Average,Auditory,Medium
703,94.4,92.9,94.4,87.3,99.9,93.5,93.7,A,24.9,No,Yes,None,Low,High,5.0,77.3,Poor,Auditory,Low
704,59.6,61.1,63.7,54.0,58.7,66.6,60.6,D,15.2,No,Yes,Bachelor's,Low,Low,4.7,71.1,Good,Reading/Writing,Low
705,42.1,45.6,42.5,49.1,48.8,41.5,44.9,F,9.7,No,Yes,Master's,Low,Low,8.8,61.8,Average,Kinesthetic,High
706,73.4,79.1,73.6,84.7,79.2,85.6,79.3,C,24.4,Yes,No,High School,Low,Medium,8.1,80.5,Average,Reading/Writing,High
707,94.3,94.2,81.7,92.7,96.3,98.4,92.9,A,25.8,No,No,High School,Low,Medium,7.2,88.3,Poor,Visual,High
708,62.2,64.0,59.9,78.0,63.4,75.0,67.1,D,13.9,No,No,None,Low,High,7.1,83.9,Average,Kinesthetic,Low
709,73.7,72.4,77.7,64.9,68.4,79.1,72.7,C,4.9,No,No,None,High,Low,5.0,86.3,Poor,Visual,Medium
710,92.6,93.8,96.7,97.4,100,100,96.8,A,20.6,No,Yes,PhD,Low,High,6.7,90.4,Poor,Auditory,Low
711,59.7,73.0,69.6,71.0,72.4,57.3,67.2,D,3.3,No,Yes,Master's,High,Medium,6.7,86.4,Excellent,Visual,Medium
712,98.2,94.4,100,100,100,100,98.8,A,28.3,Yes,No,None,Low,High,5.5,81.4,Poor,Auditory,Low
713,79.2,79.0,71.0,74.3,77.3,72.8,75.6,C,15.8,Yes,No,Master's,Low,Medium,4.7,96.2,Poor,Reading/Writing,Medium
714,68.4,55.7,63.4,72.2,59.9,63.3,63.8,D,7.8,Yes,Yes,Master's,Low,High,8.4,75.1,Poor,Kinesthetic,High
715,66.3,75.1,80.9,80.7,78.2,67.0,74.7,C,9.9,No,Yes,High School,High,Medium,6.9,74.4,Average,Reading/Writing,Medium
716,50.6,48.0,54.0,50.7,59.9,41.9,50.8,F,7.5,Yes,No,None,Low,Low,5.1,68.4,Excellent,Reading/Writing,Medium
717,88.5,82.3,81.0,79.0,90.4,80.7,83.7,B,15.3,Yes,No,High School,Medium,High,6.7,74.5,Good,Reading/Writing,Low
718,96.1,88.7,89.7,100,95.9,87.0,92.9,A,15.2,Yes,Yes,None,Low,High,7.7,95.4,Average,Visual,Low
719,83.0,74.9,80.3,73.9,82.9,66.5,76.9,C,16.2,No,Yes,High School,High,Medium,6.5,67.2,Good,Reading/Writing,High
720,72.6,80.9,84.6,86.2,84.0,85.1,82.2,B,15.2,No,Yes,Bachelor's,High,Low,8.5,70.5,Good,Visual,High
721,69.4,72.5,69.4,79.1,69.4,79.1,73.1,C,16.0,No,Yes,Bachelor's,Medium,Low,5.4,66.5,Excellent,Reading/Writing,Medium
722,88.3,92.3,94.8,81.5,96.0,85.0,89.6,B,21.2,Yes,No,None,Low,Low,5.9,89.6,Average,Auditory,Medium
723,78.8,78.0,79.0,66.2,74.2,72.3,74.8,C,15.9,Yes,No,Master's,Low,Medium,7.7,72.9,Excellent,Visual,Low
724,93.5,85.7,84.8,90.1,93.4,81.3,88.1,B,24.7,No,Yes,None,High,High,4.2,91.3,Poor,Reading/Writing,High
725,50.8,42.4,51.4,58.8,44.2,41.4,48.2,F,7.4,Yes,No,Bachelor's,High,High,8.1,69.9,Poor,Reading/Writing,Low
726,79.2,79.1,88.3,83.7,83.0,90.7,84.0,B,24.3,No,Yes,Master's,Medium,High,6.8,66.0,Excellent,Reading/Writing,High
727,94.7,100,89.6,92.5,100,90.5,94.5,A,23.5,Yes,Yes,PhD,Low,Low,5.1,86.0,Excellent,Kinesthetic,High
728,51.6,64.6,50.1,62.8,49.8,55.4,55.7,F,1.6,No,No,Master's,Medium,High,6.6,98.0,Good,Auditory,Medium
729,70.2,66.9,78.6,71.0,81.0,62.7,71.7,C,9.2,Yes,No,None,Medium,Low,6.0,98.1,Poor,Kinesthetic,Medium
730,89.9,92.7,87.7,94.3,84.3,79.0,88.0,B,23.2,Yes,Yes,High School,High,Low,7.8,92.5,Good,Auditory,Low
731,79.0,70.8,73.3,68.2,77.3,79.2,74.6,C,20.7,Yes,Yes,PhD,Medium,High,7.9,77.4,Good,Reading/Writing,Medium
732,71.6,66.2,72.1,61.3,71.0,71.7,69.0,D,19.3,Yes,No,PhD,High,Medium,6.6,63.1,Poor,Reading/Writing,Low
733,58.3,64.5,62.5,50.7,67.2,53.3,59.4,F,10.1,Yes,Yes,Master's,High,High,8.2,77.9,Good,Reading/Writing,Low
734,70.0,67.8,68.5,77.3,62.8,59.1,67.6,D,5.5,No,Yes,High School,High,Low,6.2,86.5,Excellent,Visual,Low
735,57.4,59.5,60.7,71.0,64.0,69.6,63.7,D,2.7,No,No,None,High,High,7.0,85.1,Average,Kinesthetic,Medium
736,35.2,38.2,39.8,42.8,40.3,50.3,41.1,F,1.1,Yes,Yes,High School,Low,Medium,5.3,71.2,Average,Auditory,High
737,100,100,100,95.4,97.6,95.4,98.1,A,23.6,Yes,Yes,High School,Low,Medium,4.1,88.9,Excellent,Kinesthetic,High
738,100,100,100,99.0,99.5,100,99.8,A,28.5,Yes,Yes,Bachelor's,Low,Low,4.3,94.2,Average,Visual,High
739,86.3,75.2,71.2,71.9,82.2,71.1,76.3,C,19.0,No,Yes,Bachelor's,High,Low,7.4,62.7,Good,Visual,Low
740,74.1,88.2,73.1,85.0,71.5,73.1,77.5,C,14.8,No,No,PhD,Medium,High,5.6,94.2,Good,Visual,Medium
741,89.9,91.7,83.4,81.0,79.0,79.2,84.0,B,22.0,Yes,No,Bachelor's,Low,Low,8.9,96.8,Good,Reading/Writing,Low
742,83.2,83.2,85.2,76.2,86.3,77.1,81.9,B,27.1,Yes,Yes,None,Medium,Low,4.5,72.6,Average,Visual,High
743,75.0,62.8,70.0,66.5,74.4,62.4,68.5,D,16.0,Yes,Yes,High School,High,High,8.3,64.6,Poor,Reading/Writing,High
744,99.0,92.8,87.3,87.5,100,89.6,92.7,A,19.9,Yes,Yes,None,Low,High,7.4,89.6,Poor,Visual,High
745,74.5,78.0,83.1,79.1,87.7,74.3,79.5,C,24.0,No,Yes,PhD,Medium,Low,6.1,70.6,Average,Kinesthetic,High
746,99.0,100,99.0,98.1,95.2,100,98.5,A,19.9,No,Yes,None,Medium,Medium,4.9,99.7,Excellent,Kinesthetic,Low
747,87.8,86.5,96.7,94.2,91.1,100,92.7,A,21.2,Yes,Yes,PhD,Medium,Medium,4.9,89.8,Average,Visual,High
748,79.8,89.4,75.5,82.7,94.3,82.4,84.0,B,23.9,No,No,PhD,High,Low,7.4,68.6,Good,Reading/Writing,High
749,70.6,64.6,64.7,60.8,66.5,74.7,67.0,D,24.2,No,No,High School,Low,Low,5.6,60.3,Excellent,Visual,High
750,75.0,80.8,75.6,89.9,77.8,89.5,81.4,B,12.4,No,Yes,PhD,Low,High,8.1,92.0,Good,Auditory,High
751,89.9,90.2,96.3,94.1,92.6,97.6,93.5,A,25.5,Yes,Yes,None,High,High,7.8,76.9,Average,Auditory,Medium
752,67.8,70.8,69.4,60.5,64.0,59.2,65.3,D,16.0,Yes,No,Bachelor's,Medium,High,8.0,72.4,Excellent,Kinesthetic,High
753,91.5,95.8,98.3,92.0,86.2,81.1,90.8,A,29.6,No,No,High School,Low,High,5.8,73.2,Average,Visual,Low
754,54.8,52.6,61.4,68.1,67.4,59.5,60.6,D,4.1,Yes,Yes,Bachelor's,High,Medium,4.9,86.7,Excellent,Visual,Medium
755,76.4,68.8,67.4,69.6,68.6,80.0,71.8,C,18.9,Yes,No,None,Low,Medium,4.5,75.2,Good,Auditory,Medium
756,44.2,50.1,42.7,57.2,58.0,51.0,50.5,F,2.6,No,No,PhD,Low,Low,7.1,83.4,Average,Kinesthetic,High
757,86.8,94.7,87.3,99.3,100,84.9,92.2,A,29.6,Yes,Yes,High School,High,Low,8.3,86.3,Excellent,Reading/Writing,Low
758,54.3,58.0,69.3,54.1,68.0,58.9,60.4,D,13.5,Yes,No,High School,Low,Low,4.5,71.2,Poor,Reading/Writing,Medium
759,61.3,67.2,58.3,74.5,66.5,75.8,67.3,D,4.9,Yes,Yes,Master's,High,High,4.8,98.7,Poor,Reading/Writing,Medium
760,37.9,44.7,43.5,50.2,49.6,50.9,46.1,F,2.5,No,No,Master's,High,Low,7.3,76.1,Excellent,Reading/Writing,Medium
761,83.9,83.5,91.8,87.6,95.9,88.9,88.6,B,14.4,Yes,No,High School,High,Low,8.0,98.3,Poor,Visual,High
762,94.0,92.8,78.3,86.5,77.0,95.5,87.4,B,27.3,No,No,PhD,Low,Low,4.7,70.6,Excellent,Auditory,Low
763,71.1,69.5,72.4,72.9,71.4,71.2,71.4,C,21.0,No,No,Master's,High,Medium,9.0,70.1,Good,Kinesthetic,High
764,71.2,73.4,81.3,88.7,87.9,88.6,81.9,B,13.8,Yes,No,None,High,Low,6.5,87.6,Excellent,Kinesthetic,Low
765,56.3,59.2,62.6,56.5,69.2,67.8,61.9,D,9.5,Yes,Yes,None,Medium,Medium,8.5,77.8,Good,Auditory,Medium
766,52.3,57.0,58.8,55.8,68.7,55.8,58.1,F,1.6,Yes,Yes,Bachelor's,Medium,Medium,4.1,96.0,Good,Auditory,Medium
767,61.2,68.8,72.0,65.6,73.5,69.3,68.4,D,19.9,Yes,No,High School,Medium,Medium,6.2,61.6,Average,Reading/Writing,High
768,62.6,59.7,63.3,72.4,69.4,64.2,65.3,D,18.5,Yes,No,Master's,Low,High,6.6,62.7,Excellent,Visual,Medium
769,81.3,81.0,94.5,87.5,92.9,91.1,88.1,B,20.5,No,No,Master's,Medium,High,6.1,92.9,Average,Reading/Writing,Medium
770,60.2,53.6,43.9,50.9,49.5,54.0,52.0,F,5.7,No,No,Master's,Low,High,5.1,79.6,Excellent,Auditory,Medium
771,65.8,76.1,66.0,76.3,67.4,72.1,70.6,C,6.3,Yes,Yes,PhD,Low,Medium,6.4,84.7,Good,Reading/Writing,High
772,39.2,31.4,27.0,40.0,29.4,42.1,34.9,F,1.6,No,Yes,High School,Low,High,5.1,61.8,Excellent,Kinesthetic,High
773,100,100,88.1,89.4,99.6,93.0,95.0,A,27.3,No,Yes,Master's,High,Medium,5.2,98.4,Excellent,Auditory,Medium
774,83.2,86.8,87.2,94.0,78.7,79.7,84.9,B,24.3,Yes,Yes,Master's,Medium,Low,4.6,70.6,Poor,Visual,High
775,74.2,74.1,72.2,65.7,79.8,72.5,73.1,C,17.6,No,Yes,High School,High,Low,5.2,67.4,Good,Kinesthetic,Medium
776,52.1,58.2,61.4,57.8,47.3,44.9,53.6,F,11.0,Yes,No,High School,Medium,Low,4.7,69.9,Poor,Reading/Writing,High
777,94.4,88.9,86.9,81.7,90.0,77.6,86.6,B,26.0,Yes,No,None,High,Medium,4.3,68.2,Excellent,Reading/Writing,Low
778,78.4,91.5,91.6,88.0,83.3,90.9,87.3,B,23.0,No,Yes,PhD,Low,High,4.7,89.2,Excellent,Visual,High
779,59.1,60.2,76.2,58.4,71.1,58.2,63.9,D,15.9,No,Yes,PhD,High,Medium,4.9,74.9,Excellent,Visual,Low
780,73.7,82.0,86.2,70.8,78.6,84.5,79.3,C,19.3,Yes,No,None,High,Medium,5.2,61.8,Average,Visual,Medium
781,93.2,99.2,94.5,95.3,92.2,97.2,95.3,A,18.3,No,No,Bachelor's,Low,High,4.9,93.3,Good,Auditory,High
782,92.6,87.4,82.1,88.4,90.5,93.7,89.1,B,21.3,Yes,No,None,Low,Medium,4.2,85.4,Average,Auditory,High
783,58.5,62.0,60.1,67.7,73.5,60.4,63.7,D,2.1,Yes,Yes,High School,Low,High,5.5,96.7,Excellent,Reading/Writing,Low
784,78.9,85.1,84.7,87.0,77.0,73.3,81.0,B,22.1,Yes,No,None,Medium,Medium,8.6,85.3,Excellent,Reading/Writing,Medium
785,86.1,80.7,87.1,91.2,93.4,96.5,89.2,B,25.5,Yes,Yes,Bachelor's,High,Low,8.3,62.4,Good,Kinesthetic,Low
786,91.0,90.8,81.9,97.1,87.0,92.6,90.1,A,22.3,No,Yes,Master's,Low,Medium,6.7,99.2,Average,Auditory,Medium
787,83.5,81.3,69.7,72.2,68.7,77.1,75.4,C,5.7,No,No,PhD,High,Medium,7.8,96.2,Excellent,Visual,Low
788,59.0,67.6,64.7,61.0,69.2,65.4,64.5,D,5.9,No,Yes,High School,Low,Medium,5.7,95.7,Average,Kinesthetic,High
789,68.0,76.7,62.4,71.2,75.5,62.1,69.3,D,7.1,Yes,Yes,High School,Medium,Low,4.2,87.0,Average,Visual,Low
790,77.1,77.5,70.6,80.5,84.1,77.7,77.9,C,4.0,Yes,No,High School,Low,High,8.0,93.6,Excellent,Auditory,Medium
791,59.3,52.1,48.2,59.6,60.5,55.8,55.9,F,10.2,No,Yes,Master's,High,High,4.5,65.2,Good,Auditory,Low
792,46.6,40.2,55.7,41.2,54.5,46.8,47.5,F,4.5,No,Yes,Master's,Medium,Low,5.0,61.1,Poor,Auditory,Low
793,71.7,71.7,68.7,72.0,71.2,71.7,71.2,C,22.1,Yes,No,PhD,High,Low,5.0,61.3,Excellent,Auditory,Medium
794,72.0,60.5,75.5,76.4,71.8,63.5,70.0,C,16.4,Yes,Yes,PhD,Low,Medium,8.0,72.2,Excellent,Kinesthetic,Low
795,81.0,76.6,75.6,90.4,72.8,88.8,80.9,B,15.7,No,Yes,High School,High,Medium,8.7,83.6,Excellent,Kinesthetic,Low
796,42.6,50.9,45.8,50.6,37.3,55.0,47.0,F,2.9,Yes,Yes,PhD,High,High,5.7,68.6,Average,Reading/Writing,Medium
797,50.6,45.9,55.2,42.8,46.7,38.3,46.6,F,5.2,No,No,None,Medium,Medium,8.3,69.4,Good,Auditory,Medium
798,86.9,88.8,84.0,96.4,93.6,92.7,90.4,A,26.6,No,No,Bachelor's,Medium,Low,4.5,81.2,Poor,Kinesthetic,Low
799,70.8,72.3,75.3,78.3,81.9,77.5,76.0,C,13.9,No,No,Bachelor's,Low,High,8.7,94.3,Average,Auditory,Medium
800,80.2,81.1,86.8,78.2,76.8,92.3,82.6,B,20.0,Yes,No,High School,Medium,Medium,6.0,92.5,Poor,Reading/Writing,Low
801,100,93.8,96.3,100,90.6,100,96.8,A,27.8,No,No,None,Medium,Medium,8.3,91.4,Average,Reading/Writing,Low
802,100,100,100,96.4,99.8,98.6,99.1,A,29.4,Yes,No,PhD,Low,High,8.2,94.6,Average,Kinesthetic,High
803,100,97.5,93.2,96.3,98.7,100,97.6,A,23.2,No,Yes,None,Low,Medium,7.3,87.6,Poor,Kinesthetic,Low
804,46.3,54.1,46.1,54.7,50.9,40.2,48.7,F,1.8,No,No,High School,High,Medium,6.2,81.1,Poor,Kinesthetic,Low
805,80.2,82.9,87.0,90.7,78.8,75.3,82.5,B,23.2,No,No,High School,Medium,Low,4.3,90.9,Excellent,Auditory,High
806,46.2,47.0,45.9,41.7,44.6,46.7,45.4,F,2.9,No,Yes,Bachelor's,Low,High,8.2,83.7,Average,Kinesthetic,Low
807,83.6,86.7,85.5,71.5,77.9,86.6,82.0,B,21.4,No,Yes,High School,Low,Low,4.9,82.1,Excellent,Visual,High
808,93.7,92.1,85.0,96.8,86.6,100,92.4,A,29.2,No,Yes,PhD,Low,Medium,4.9,85.2,Excellent,Reading/Writing,High
809,91.6,88.7,92.6,80.3,80.8,89.5,87.2,B,15.3,Yes,Yes,None,Low,High,4.5,85.0,Good,Auditory,Medium
810,65.0,62.5,65.9,64.2,65.1,59.5,63.7,D,21.5,Yes,No,High School,Medium,Low,4.9,62.5,Excellent,Visual,High
811,63.9,68.3,65.2,52.5,65.4,52.9,61.4,D,4.9,Yes,No,PhD,High,Low,7.3,92.8,Poor,Auditory,Low
812,70.7,61.5,66.4,62.4,57.0,62.0,63.3,D,11.2,No,No,Bachelor's,High,High,8.0,67.3,Poor,Auditory,Medium
813,90.6,97.4,99.1,98.5,98.4,92.0,96.0,A,24.1,No,Yes,Master's,Low,High,8.2,98.3,Average,Visual,Low
814,84.4,77.1,74.7,87.0,72.5,88.0,80.6,B,27.6,Yes,Yes,None,High,High,7.0,60.9,Poor,Visual,Medium
815,82.5,77.0,89.5,89.7,73.8,89.6,83.7,B,21.7,Yes,No,High School,High,High,8.7,60.6,Excellent,Reading/Writing,High
816,60.2,59.3,59.9,48.8,55.2,52.8,56.0,F,9.0,No,Yes,None,Medium,Low,8.3,73.4,Poor,Kinesthetic,High
817,100,92.1,94.6,89.8,100,100,96.1,A,25.4,No,No,Bachelor's,Low,High,4.7,96.3,Good,Kinesthetic,Low
818,91.1,100,89.2,95.9,95.7,100,95.3,A,23.9,No,No,PhD,Low,High,5.9,91.0,Poor,Auditory,Low
819,88.3,89.0,93.9,93.4,90.8,86.0,90.2,A,26.5,No,No,Master's,Low,High,5.7,79.4,Average,Reading/Writing,Low
820,60.6,53.5,61.0,63.8,52.6,50.4,57.0,F,1.9,No,No,PhD,Low,High,6.7,76.7,Average,Auditory,Low
821,79.5,91.3,78.7,96.1,91.2,78.1,85.8,B,13.6,Yes,No,PhD,Medium,High,7.9,95.3,Excellent,Auditory,High
822,76.4,83.6,87.0,80.5,76.9,76.1,80.1,B,14.6,Yes,Yes,Bachelor's,Medium,Low,8.1,96.1,Good,Reading/Writing,Medium
823,77.6,75.8,80.2,77.7,62.1,69.9,73.9,C,17.9,Yes,No,Master's,Low,Low,8.7,61.5,Poor,Kinesthetic,Medium
824,66.3,62.1,69.8,73.0,62.7,73.5,67.9,D,10.7,No,No,Bachelor's,Medium,High,7.4,78.7,Average,Reading/Writing,Medium
825,78.7,68.8,79.3,62.0,69.3,70.9,71.5,C,15.1,No,Yes,PhD,High,High,7.0,81.0,Poor,Visual,High
826,67.7,64.7,59.5,57.0,64.6,74.8,64.7,D,10.5,No,No,PhD,Low,Medium,5.6,72.9,Good,Visual,Low
827,95.0,100,99.5,86.9,97.3,97.2,96.0,A,22.7,No,Yes,None,Low,Low,5.5,82.3,Poor,Auditory,High
828,96.5,100,100,95.6,100,100,98.7,A,27.8,No,Yes,Master's,Low,Low,4.2,85.2,Good,Visual,Medium
829,63.8,65.0,65.9,54.0,59.9,62.6,61.9,D,9.3,Yes,No,None,High,High,5.0,73.0,Good,Visual,Low
830,75.4,76.3,75.5,73.7,86.1,76.1,77.2,C,16.4,Yes,No,High School,High,High,7.1,82.4,Poor,Visual,Medium
831,82.6,80.2,75.3,77.0,72.1,78.5,77.6,C,21.3,Yes,No,High School,Low,Medium,6.2,71.5,Average,Reading/Writing,High
832,89.9,91.4,87.2,84.6,91.7,83.9,88.1,B,25.5,Yes,Yes,PhD,High,Low,5.7,84.5,Average,Reading/Writing,High
833,86.7,95.5,82.2,89.0,98.8,84.3,89.4,B,14.6,No,No,PhD,High,High,8.1,89.6,Excellent,Auditory,High
834,94.9,92.2,100,100,97.2,100,97.4,A,23.4,No,Yes,Bachelor's,Medium,Medium,8.3,97.8,Average,Visual,High
835,69.2,75.6,69.4,78.2,84.2,68.0,74.1,C,8.9,No,No,High School,Medium,High,6.8,98.0,Excellent,Auditory,Low
836,76.5,80.2,83.1,75.5,83.0,81.9,80.0,B,10.0,No,Yes,High School,High,High,6.4,96.3,Poor,Auditory,High
837,83.8,82.5,89.0,77.5,79.0,93.2,84.2,B,18.1,No,Yes,None,High,Low,8.3,86.3,Excellent,Visual,High
838,59.7,65.0,58.9,63.0,67.0,70.6,64.0,D,10.3,Yes,Yes,High School,Low,Medium,4.2,60.3,Excellent,Auditory,High
839,58.9,52.5,48.0,65.2,50.9,59.9,55.9,F,8.5,Yes,Yes,Master's,High,Low,5.5,63.6,Average,Visual,Medium
840,75.7,86.0,88.9,77.3,74.0,80.4,80.4,B,20.6,No,No,High School,Low,Medium,7.8,76.6,Good,Visual,Low
841,60.3,53.0,62.6,62.5,59.7,51.6,58.3,F,3.5,No,Yes,Bachelor's,High,Medium,4.3,91.5,Poor,Reading/Writing,High
842,54.7,53.1,54.7,55.6,57.1,54.8,55.0,F,5.1,No,Yes,Master's,Medium,Medium,4.3,71.5,Average,Reading/Writing,High
843,77.1,86.0,90.0,79.7,77.8,89.6,83.4,B,26.1,Yes,Yes,Master's,High,High,5.5,67.5,Average,Reading/Writing,High
844,70.9,62.0,66.2,64.0,68.4,63.4,65.8,D,7.5,Yes,Yes,None,Low,Low,6.3,80.8,Average,Visual,Medium
845,93.0,80.9,94.2,80.6,86.4,84.9,86.7,B,13.1,Yes,Yes,High School,Low,Medium,6.1,91.7,Average,Visual,High
846,66.4,64.3,71.0,56.5,74.3,74.7,67.9,D,3.1,Yes,No,High School,Low,Medium,5.8,98.6,Excellent,Kinesthetic,Medium
847,62.6,75.4,65.1,76.8,67.5,60.5,68.0,D,12.7,No,Yes,Master's,Low,Medium,8.1,83.2,Excellent,Kinesthetic,Low
848,76.8,66.8,61.2,61.0,66.2,66.9,66.5,D,8.4,Yes,No,None,Low,Medium,8.9,76.5,Poor,Visual,High
849,88.9,90.9,100,84.0,85.3,100,91.5,A,24.7,Yes,No,Bachelor's,Low,Low,4.3,76.1,Average,Reading/Writing,Low
850,75.3,66.7,60.4,79.8,65.8,71.2,69.9,D,21.9,Yes,No,None,Medium,High,8.9,63.9,Good,Reading/Writing,Low
851,52.7,64.6,62.7,57.9,68.9,65.8,62.1,D,5.4,Yes,No,None,High,High,4.9,68.9,Good,Visual,Medium
852,62.9,56.8,54.7,62.1,56.7,70.6,60.6,D,1.0,Yes,Yes,Master's,High,Medium,7.4,93.7,Excellent,Reading/Writing,Medium
853,81.9,79.6,73.6,71.9,67.2,84.6,76.5,C,19.3,No,Yes,PhD,Low,High,7.6,70.0,Average,Reading/Writing,Medium
854,63.4,72.7,66.8,62.4,60.0,77.2,67.1,D,19.6,Yes,Yes,PhD,Medium,High,4.4,67.6,Average,Visual,High
855,60.1,53.3,59.5,62.7,56.1,48.6,56.7,F,7.7,No,Yes,PhD,High,Medium,8.8,72.5,Average,Auditory,High
856,74.4,81.2,76.1,78.6,83.4,75.8,78.3,C,17.7,Yes,Yes,High School,High,Low,5.2,81.3,Poor,Kinesthetic,Low
857,75.4,78.9,86.3,85.9,82.8,70.8,80.0,B,17.6,No,Yes,Bachelor's,Low,Low,4.5,76.8,Good,Visual,High
858,90.6,80.9,83.8,94.1,78.8,86.6,85.8,B,24.6,No,Yes,None,Low,High,4.7,61.6,Poor,Visual,Medium
859,69.5,69.8,72.6,72.9,82.2,82.8,75.0,C,27.4,No,Yes,Master's,Medium,Low,7.0,60.2,Poor,Visual,Medium
860,72.8,79.0,76.7,80.1,73.5,87.7,78.3,C,11.5,Yes,Yes,None,High,Low,6.8,90.5,Good,Auditory,Medium
861,100,100,100,100,93.1,100,98.9,A,23.0,Yes,Yes,PhD,Low,Low,7.0,99.8,Average,Reading/Writing,Medium
862,74.0,78.7,70.7,81.0,77.7,79.5,76.9,C,14.4,No,Yes,PhD,Medium,High,4.5,77.7,Average,Kinesthetic,Low
863,65.8,69.1,56.7,57.7,62.8,59.6,61.9,D,5.9,Yes,No,High School,Low,Medium,7.9,77.0,Average,Auditory,High
864,54.7,48.1,51.4,49.4,49.5,56.2,51.6,F,10.8,No,No,Bachelor's,High,High,6.1,70.2,Excellent,Visual,Low
865,85.5,91.1,87.5,100,95.7,86.9,91.1,A,29.8,No,Yes,Bachelor's,Low,High,6.0,82.9,Poor,Reading/Writing,Low
866,67.1,63.8,75.5,72.4,73.4,74.5,71.1,C,9.8,No,No,Master's,High,Medium,5.4,76.6,Poor,Visual,High
867,96.9,93.9,96.3,100,99.6,100,97.8,A,29.2,No,Yes,Bachelor's,Medium,Low,8.9,74.0,Excellent,Kinesthetic,Low
868,99.9,92.4,100.0,88.1,100,86.4,94.5,A,19.0,No,Yes,None,Low,High,6.0,92.6,Excellent,Visual,Low
869,72.0,69.9,74.9,75.3,87.1,72.5,75.3,C,21.0,Yes,Yes,Master's,Low,High,7.7,73.0,Average,Kinesthetic,High
870,54.3,57.5,51.3,62.3,65.7,66.0,59.5,F,7.4,Yes,No,Master's,High,Medium,7.8,79.1,Excellent,Auditory,Low
871,83.6,77.3,86.2,75.7,84.1,73.5,80.1,B,16.1,No,No,Bachelor's,Low,Low,4.4,80.0,Excellent,Kinesthetic,Medium
872,63.9,69.0,67.2,67.7,58.4,56.7,63.8,D,6.4,Yes,No,High School,Low,High,5.5,86.0,Good,Kinesthetic,Medium
873,89.4,89.7,81.2,84.3,81.4,98.0,87.3,B,20.0,No,Yes,Bachelor's,Low,High,6.8,99.8,Average,Reading/Writing,High
874,76.5,76.3,71.8,78.2,62.6,73.9,73.2,C,9.2,Yes,No,None,High,Low,6.4,73.1,Average,Visual,Medium
875,70.9,68.0,65.6,76.8,78.0,63.5,70.5,C,18.0,No,Yes,None,Low,Medium,4.2,81.3,Poor,Kinesthetic,High
876,64.6,63.7,77.0,66.0,70.9,72.6,69.1,D,11.9,No,No,None,Low,High,5.1,92.7,Average,Visual,High
877,78.0,69.2,70.3,76.6,73.0,76.4,73.9,C,2.4,Yes,No,Bachelor's,Low,Low,7.2,91.0,Excellent,Reading/Writing,Medium
878,58.3,55.1,53.2,62.1,59.6,61.0,58.2,F,9.8,Yes,No,None,Low,Low,8.6,86.2,Average,Visual,Low
879,50.1,52.1,55.3,45.3,48.0,59.8,51.8,F,9.7,No,Yes,PhD,Medium,Low,7.4,72.5,Excellent,Reading/Writing,Low
880,76.1,77.3,68.2,79.7,75.4,77.6,75.7,C,14.9,No,Yes,High School,High,Low,4.1,64.6,Poor,Auditory,Low
881,77.1,77.2,71.6,73.6,65.7,61.9,71.2,C,17.0,No,No,None,Low,Low,5.2,79.7,Poor,Kinesthetic,High
882,82.6,70.9,78.2,71.4,69.4,77.9,75.1,C,17.8,No,Yes,Master's,Medium,Low,4.4,81.6,Poor,Reading/Writing,High
883,78.9,81.6,67.5,83.2,75.7,71.3,76.4,C,25.9,Yes,No,Bachelor's,Medium,Medium,6.7,63.6,Average,Reading/Writing,High
884,57.0,62.0,46.8,58.4,59.2,59.4,57.1,F,1.6,Yes,No,None,Low,Medium,6.3,77.1,Good,Auditory,Medium
885,88.4,99.4,96.8,100,93.5,91.6,95.0,A,27.5,Yes,Yes,Bachelor's,Medium,Medium,6.2,69.5,Excellent,Auditory,High
886,100,93.5,100,89.9,89.8,100,95.5,A,26.9,No,Yes,High School,Low,Medium,5.7,81.3,Poor,Auditory,Low
887,66.1,77.7,74.3,71.0,78.2,75.0,73.7,C,16.8,Yes,No,None,Medium,High,6.1,69.8,Good,Visual,High
888,59.2,59.9,73.0,65.1,72.9,56.4,64.4,D,4.8,Yes,No,None,Low,Low,6.7,74.2,Average,Kinesthetic,High
889,85.1,88.9,82.6,96.9,94.8,96.5,90.8,A,25.8,Yes,Yes,PhD,Medium,High,7.4,94.8,Average,Visual,Low
890,78.5,72.6,81.1,86.0,86.9,82.8,81.3,B,17.7,No,No,High School,High,Low,8.7,91.9,Average,Kinesthetic,Low
891,65.9,57.9,57.2,57.8,65.2,70.5,62.4,D,2.3,No,Yes,Master's,High,Low,6.2,84.3,Excellent,Kinesthetic,High
892,83.6,76.6,83.5,80.7,83.8,73.0,80.2,B,17.5,No,Yes,None,High,Medium,5.2,76.3,Poor,Kinesthetic,Low
893,71.4,71.2,82.2,75.7,79.9,84.3,77.5,C,19.4,Yes,No,High School,Medium,Low,4.7,63.0,Average,Reading/Writing,Medium
894,100,94.8,87.7,100,91.6,100,95.7,A,28.7,No,Yes,High School,High,Low,4.2,94.9,Excellent,Reading/Writing,Low
895,88.8,91.6,86.9,96.3,97.6,90.1,91.9,A,24.3,No,No,PhD,Low,Low,5.3,81.9,Good,Auditory,Medium
896,81.3,91.5,80.0,76.8,92.3,82.5,84.1,B,28.3,No,No,High School,High,Low,9.0,61.2,Average,Reading/Writing,Low
897,89.3,84.0,75.5,82.9,76.4,87.9,82.7,B,14.6,Yes,No,PhD,High,Medium,4.4,98.0,Excellent,Reading/Writing,Medium
898,73.1,82.3,86.4,80.4,90.4,84.7,82.9,B,19.9,No,Yes,PhD,High,High,5.6,72.2,Average,Auditory,High
899,74.4,70.7,71.5,67.1,66.9,77.4,71.3,C,17.2,No,Yes,None,High,High,8.0,79.1,Good,Auditory,High
900,62.7,57.4,57.6,60.2,72.2,66.9,62.8,D,17.1,Yes,No,Bachelor's,High,Medium,7.2,73.2,Excellent,Visual,Low
901,72.3,84.0,74.7,87.3,86.1,70.6,79.2,C,18.4,Yes,Yes,None,Low,Medium,4.9,79.7,Excellent,Kinesthetic,Low
902,88.5,90.2,93.6,89.0,79.8,75.7,86.1,B,24.8,Yes,No,PhD,Medium,High,8.7,63.5,Excellent,Auditory,Low
903,64.4,64.8,65.8,63.7,67.7,72.0,66.4,D,6.0,No,No,Master's,High,High,5.8,89.5,Good,Kinesthetic,Medium
904,75.5,63.7,68.9,72.1,66.3,70.2,69.5,D,8.2,No,No,High School,Low,High,5.2,86.7,Excellent,Visual,Medium
905,67.3,65.9,60.8,67.3,56.9,62.9,63.5,D,1.6,No,No,High School,Medium,Medium,6.8,83.6,Average,Kinesthetic,High
906,45.4,41.2,39.0,43.0,38.9,43.5,41.8,F,1.1,Yes,Yes,Bachelor's,Low,Medium,4.5,70.0,Average,Auditory,Low
907,66.3,66.4,69.9,55.1,53.4,68.9,63.3,D,11.0,No,Yes,Bachelor's,Medium,Medium,4.6,62.4,Good,Visual,High
908,77.9,83.5,85.3,87.2,92.3,93.1,86.5,B,19.4,Yes,No,High School,Low,Medium,4.3,80.8,Poor,Auditory,Low
909,77.1,85.6,83.5,82.7,81.0,82.5,82.1,B,21.3,Yes,Yes,Master's,Low,Medium,4.3,85.7,Poor,Visual,High
910,74.3,77.2,81.1,69.7,72.2,75.9,75.1,C,29.2,Yes,No,PhD,Low,Low,4.7,60.6,Average,Reading/Writing,High
911,79.0,75.3,69.1,69.7,85.2,75.4,75.6,C,19.8,Yes,Yes,Bachelor's,Medium,Medium,5.2,67.9,Excellent,Auditory,Low
912,84.2,91.4,76.8,89.9,89.4,76.7,84.7,B,13.6,Yes,No,None,High,Low,4.4,92.0,Poor,Reading/Writing,Medium
913,50.2,51.5,46.1,46.4,58.5,56.4,51.5,F,1.9,No,No,Bachelor's,High,Medium,6.4,60.4,Poor,Reading/Writing,Medium
914,68.6,74.1,64.9,78.6,65.2,63.9,69.2,D,19.0,No,Yes,None,Low,Medium,4.2,78.7,Excellent,Reading/Writing,High
915,70.4,73.2,76.7,65.2,76.8,70.6,72.1,C,10.5,Yes,No,High School,Low,Low,6.2,81.5,Good,Auditory,High
916,66.8,61.9,76.8,60.0,76.4,65.8,68.0,D,21.9,Yes,No,None,Low,High,4.8,67.6,Good,Visual,Medium
917,72.9,77.2,76.4,80.7,66.8,78.3,75.4,C,25.1,Yes,Yes,PhD,Low,High,4.1,63.9,Excellent,Reading/Writing,High
918,72.2,80.8,73.5,73.3,72.0,80.4,75.4,C,20.2,Yes,Yes,High School,Medium,Low,5.3,70.5,Excellent,Reading/Writing,Low
919,82.9,74.2,80.2,77.1,79.4,79.7,78.9,C,9.6,No,Yes,Master's,High,High,5.6,98.5,Average,Reading/Writing,High
920,78.7,68.1,62.4,80.6,78.5,79.3,74.6,C,10.3,No,No,High School,High,Low,8.5,88.9,Poor,Reading/Writing,High
921,90.0,97.5,99.5,84.5,83.1,90.8,90.9,A,27.9,No,No,Master's,High,Medium,8.1,81.0,Average,Kinesthetic,Low
922,93.7,98.5,100,100,100,100,98.7,A,22.6,No,No,High School,High,Low,4.2,98.4,Poor,Auditory,High
923,78.1,90.3,82.3,82.3,89.1,77.5,83.3,B,22.5,Yes,Yes,High School,Medium,Low,4.1,88.4,Good,Reading/Writing,Low
924,66.4,77.3,71.2,78.3,72.9,72.0,73.0,C,22.0,No,No,PhD,High,Low,8.9,69.8,Excellent,Kinesthetic,Low
925,100,98.8,95.8,100,89.5,100,97.4,A,23.9,No,No,Bachelor's,High,Low,6.2,98.7,Excellent,Visual,High
926,84.3,89.5,85.3,74.9,77.0,80.2,81.9,B,28.8,No,Yes,Bachelor's,High,High,4.5,62.2,Excellent,Reading/Writing,Medium
927,78.7,76.6,65.0,80.1,65.8,75.3,73.6,C,14.1,No,No,Bachelor's,High,Medium,5.4,88.6,Good,Visual,Low
928,100,91.2,90.9,92.4,100,100,95.8,A,23.1,No,No,PhD,Low,High,6.9,97.7,Average,Visual,High
929,96.0,92.4,97.8,84.0,96.2,84.4,91.8,A,16.7,Yes,No,None,Low,Medium,5.7,92.0,Excellent,Auditory,Low
930,100,96.7,100,100,89.0,100,97.6,A,26.2,Yes,No,High School,High,Medium,5.2,78.6,Average,Visual,Medium
931,56.2,62.6,54.5,57.2,59.0,55.7,57.5,F,7.0,No,Yes,Bachelor's,High,High,5.9,66.7,Poor,Reading/Writing,High
932,100,95.0,100,100,94.0,98.9,98.0,A,28.9,Yes,No,None,High,High,4.2,98.3,Average,Reading/Writing,Medium
933,80.6,84.6,91.8,92.5,79.8,91.1,86.7,B,22.7,No,No,None,High,Medium,5.2,82.9,Poor,Auditory,Low
934,42.4,39.4,43.6,31.0,38.2,34.9,38.3,F,2.6,No,Yes,Master's,High,Medium,8.4,60.3,Good,Reading/Writing,High
935,59.1,49.0,54.2,49.4,56.4,63.3,55.2,F,1.3,No,Yes,PhD,Medium,Medium,7.2,85.0,Poor,Visual,Low
936,48.6,49.9,55.3,48.6,52.1,59.6,52.4,F,10.3,No,No,None,High,High,8.8,68.0,Excellent,Reading/Writing,Medium
937,84.8,83.7,68.8,75.4,84.6,67.8,77.5,C,13.6,No,No,Master's,Low,Medium,4.8,80.7,Excellent,Visual,Low
938,68.8,64.4,56.0,57.4,64.2,69.0,63.3,D,7.6,Yes,No,None,High,High,5.8,73.9,Average,Visual,Low
939,88.2,85.0,74.4,74.9,87.9,88.3,83.1,B,23.5,No,No,Bachelor's,Low,High,5.1,86.1,Average,Visual,High
940,78.3,71.2,81.6,72.8,74.7,69.9,74.8,C,13.4,No,Yes,Bachelor's,Low,Medium,8.6,88.0,Average,Auditory,High
941,74.8,78.3,70.1,84.7,80.2,80.9,78.2,C,20.5,No,Yes,PhD,Low,Medium,4.8,71.0,Average,Auditory,Low
942,78.8,74.9,78.3,76.4,77.6,85.2,78.5,C,9.2,Yes,No,Master's,Medium,Low,5.0,93.9,Excellent,Kinesthetic,High
943,91.2,87.9,93.0,81.6,90.8,85.5,88.3,B,16.2,Yes,Yes,Master's,High,High,7.1,96.3,Good,Reading/Writing,Low
944,60.2,69.3,74.3,71.3,74.3,68.8,69.7,D,2.0,Yes,Yes,Master's,Low,Medium,4.6,83.7,Good,Auditory,High
945,62.2,62.4,59.1,62.2,72.3,64.1,63.7,D,18.3,No,Yes,High School,Low,Medium,5.8,64.9,Excellent,Reading/Writing,Medium
946,90.4,88.6,78.1,83.7,90.8,88.5,86.7,B,23.4,No,Yes,Bachelor's,High,Medium,6.9,77.2,Poor,Kinesthetic,Medium
947,57.9,57.6,62.8,67.4,57.4,59.7,60.5,D,10.3,No,No,Bachelor's,High,High,7.2,70.5,Good,Auditory,High
948,73.8,84.1,75.8,76.5,87.2,75.7,78.8,C,14.4,Yes,No,Bachelor's,Low,Medium,6.3,78.3,Excellent,Visual,Low
949,75.7,84.0,73.6,85.2,74.8,88.6,80.3,B,28.2,No,Yes,PhD,High,Medium,8.2,72.1,Excellent,Visual,Medium
950,89.6,84.5,92.9,88.9,97.7,94.9,91.4,A,21.6,Yes,Yes,None,Medium,High,4.2,87.9,Average,Auditory,Medium
951,92.7,94.6,89.6,100,100,96.9,95.6,A,25.3,Yes,Yes,Bachelor's,Medium,High,8.0,94.6,Excellent,Visual,High
952,73.3,78.4,68.4,80.4,68.6,69.2,73.0,C,4.6,No,Yes,Bachelor's,High,High,6.0,96.7,Good,Auditory,Medium
953,94.6,98.4,87.0,86.7,97.3,96.7,93.5,A,26.8,No,No,Master's,High,High,7.3,76.8,Poor,Visual,Low
954,96.8,98.8,100,94.7,86.8,100,96.2,A,24.9,Yes,No,Bachelor's,Low,High,4.6,100.0,Poor,Kinesthetic,Medium
955,78.1,72.4,66.8,73.7,67.3,79.3,72.9,C,17.8,No,No,Bachelor's,High,Medium,7.7,73.6,Poor,Reading/Writing,Medium
956,88.2,80.6,88.1,81.6,82.2,86.7,84.6,B,7.8,Yes,Yes,None,High,Medium,5.4,97.6,Excellent,Auditory,Low
957,98.0,96.7,95.6,100,100,100,98.4,A,27.9,Yes,Yes,High School,Low,High,7.8,94.3,Excellent,Kinesthetic,Medium
958,100.0,96.9,100,96.1,100,100,98.8,A,28.6,No,No,Bachelor's,Low,Low,8.5,83.4,Poor,Auditory,Medium
959,69.8,74.0,71.5,68.2,69.7,74.6,71.3,C,18.2,No,No,None,Medium,Low,5.0,78.9,Excellent,Auditory,High
960,65.1,58.0,66.9,57.0,72.7,69.1,64.8,D,10.7,No,Yes,PhD,Low,Low,4.5,81.2,Poor,Kinesthetic,Medium
961,82.5,92.9,93.9,85.9,94.4,91.5,90.2,A,23.6,No,Yes,High School,High,Low,4.9,66.6,Poor,Reading/Writing,Medium
962,73.9,74.1,72.7,61.5,63.8,63.8,68.3,D,14.5,No,Yes,None,Medium,Low,6.5,86.1,Good,Kinesthetic,High
963,71.2,63.9,57.2,58.8,71.7,56.9,63.3,D,7.1,Yes,Yes,High School,Low,Low,5.7,72.0,Excellent,Kinesthetic,Medium
964,37.4,38.6,40.9,37.3,43.8,51.1,41.5,F,2.0,No,Yes,PhD,Low,Low,6.6,76.1,Good,Auditory,Medium
965,56.9,48.7,62.3,55.3,60.0,52.9,56.0,F,6.2,Yes,No,High School,High,High,8.7,73.6,Excellent,Auditory,Low
966,91.8,85.0,82.7,77.7,82.9,85.7,84.3,B,22.0,No,Yes,Master's,Medium,Low,4.9,90.7,Poor,Auditory,Medium
967,88.4,88.8,90.7,79.7,74.5,85.6,84.6,B,9.8,Yes,Yes,Master's,High,Low,4.8,92.6,Average,Reading/Writing,Medium
968,82.1,77.3,74.7,69.8,76.8,70.0,75.1,C,17.2,No,No,None,High,Medium,5.8,95.0,Good,Kinesthetic,Low
969,97.2,97.8,100,98.5,95.9,100,98.2,A,28.6,Yes,Yes,PhD,Low,Low,7.4,91.6,Excellent,Reading/Writing,Low
970,98.3,100,100,91.5,100,92.8,97.1,A,24.2,No,No,Master's,High,Low,4.9,90.0,Good,Auditory,Low
971,95.3,100,100,100,96.7,100,98.7,A,29.0,Yes,No,None,Medium,Medium,8.4,99.1,Excellent,Kinesthetic,High
972,98.9,88.5,87.9,93.2,91.1,90.3,91.6,A,24.8,Yes,No,High School,High,High,7.8,84.5,Average,Reading/Writing,Medium
973,100,100,93.2,97.7,100,100,98.5,A,25.3,Yes,Yes,PhD,Low,High,7.4,89.9,Poor,Visual,High
974,84.1,73.2,71.0,70.7,76.3,88.0,77.2,C,18.9,No,Yes,High School,Medium,Medium,8.8,83.5,Poor,Auditory,Medium
975,96.2,97.2,87.6,91.5,99.4,93.7,94.3,A,21.1,Yes,No,PhD,High,Medium,7.4,91.3,Average,Visual,High
976,62.7,75.7,71.5,67.9,71.1,60.7,68.3,D,22.0,Yes,No,High School,High,High,8.5,63.1,Excellent,Auditory,Low
977,54.0,52.1,58.5,60.4,58.4,44.0,54.6,F,9.2,Yes,Yes,High School,High,High,6.8,62.9,Poor,Kinesthetic,Low
978,76.1,71.7,80.0,65.6,64.5,67.9,71.0,C,20.8,No,No,Master's,Low,Medium,4.8,79.0,Excellent,Visual,High
979,62.4,67.0,56.8,67.5,49.8,69.3,62.1,D,3.1,No,No,PhD,High,Medium,7.8,89.6,Excellent,Reading/Writing,Low
980,67.3,56.7,54.4,53.7,64.9,66.1,60.5,D,5.3,No,No,Master's,Low,Medium,6.3,99.8,Excellent,Visual,Medium
981,58.8,65.0,72.8,63.0,75.3,75.3,68.4,D,9.3,No,No,Master's,Medium,High,4.9,91.5,Poor,Kinesthetic,Low
982,54.6,60.0,57.7,51.3,61.0,58.2,57.1,F,10.4,Yes,No,Bachelor's,Medium,High,5.5,69.5,Average,Reading/Writing,Low
983,99.7,98.6,88.7,100,84.5,90.2,93.6,A,26.0,No,Yes,None,High,Medium,4.2,77.0,Average,Visual,Low
984,45.9,53.4,59.2,47.4,62.5,44.7,52.2,F,3.8,No,Yes,Bachelor's,Medium,Low,7.8,67.4,Excellent,Kinesthetic,Medium
985,83.0,89.0,79.0,81.4,95.6,93.0,86.8,B,29.9,No,No,High School,High,High,5.3,68.1,Average,Visual,High
986,77.2,68.2,72.5,64.8,63.2,63.9,68.3,D,4.4,No,Yes,High School,Medium,High,7.3,98.1,Poor,Reading/Writing,Low
987,59.4,63.1,57.4,57.3,57.8,64.0,59.8,F,6.9,No,Yes,PhD,Medium,Low,4.1,68.8,Average,Reading/Writing,Medium
988,35.4,41.1,37.4,34.6,33.6,32.5,35.8,F,4.2,No,Yes,Bachelor's,Medium,Medium,7.6,65.4,Poor,Kinesthetic,Low
989,100,100,100,96.0,100,98.1,99.0,A,27.1,No,No,Bachelor's,Medium,Medium,4.7,99.6,Good,Visual,Low
990,55.5,63.6,52.7,70.0,54.0,66.3,60.4,D,3.3,Yes,No,None,Medium,Medium,6.3,80.6,Poor,Kinesthetic,Low
991,94.0,96.8,91.5,87.8,83.9,91.3,90.9,A,22.1,No,No,Master's,Low,Low,4.9,94.9,Poor,Kinesthetic,Medium
992,85.8,93.6,83.7,82.7,87.9,76.6,85.0,B,16.1,No,No,PhD,Low,High,7.6,86.1,Good,Auditory,High
993,85.4,97.2,99.1,91.6,85.1,83.1,90.3,A,26.4,Yes,No,Bachelor's,High,High,7.2,81.8,Average,Kinesthetic,Low
994,61.4,62.6,75.9,64.0,77.2,76.1,69.5,D,11.2,No,Yes,PhD,Medium,Low,8.6,94.0,Good,Kinesthetic,Low
995,71.4,78.6,70.0,64.1,79.7,67.0,71.8,C,7.6,No,Yes,High School,Low,High,6.5,82.5,Excellent,Kinesthetic,High
996,79.8,72.0,68.4,79.0,83.1,63.9,74.4,C,17.3,No,Yes,Master's,High,Low,4.5,78.0,Poor,Auditory,Low
997,76.9,81.3,79.5,90.1,88.1,75.6,81.9,B,29.2,No,Yes,Bachelor's,High,Medium,7.3,63.5,Excellent,Kinesthetic,High
998,60.2,61.5,74.8,74.3,67.3,68.8,67.8,D,12.7,Yes,Yes,PhD,Medium,Low,9.0,61.7,Poor,Visual,Medium
999,81.8,85.1,92.2,88.9,73.8,82.4,84.0,B,27.0,No,No,Bachelor's,Low,Low,4.9,60.7,Good,Kinesthetic,Low
1000,74.1,82.3,74.2,78.6,75.7,78.5,77.2,C,16.7,Yes,No,Bachelor's,Low,Low,5.8,92.5,Excellent,Reading/Writing,Low
